canonical,key_without_year,designation,prefix,number,part,section,year,title,division,section_name,committee,status,product_category,scheme,amendments,superseded_by_text,sources,archive_identifier,archive_url,license_url,text_path,pdf_path,has_full_text,is_compulsory,is_current,superseded_by
IS|1|None|None|1968|None,IS|1|None|None,IS 1:1968,IS,1,,,1968,IS 1: Specification for The National Flag of India (Cotton Khadi),</b> Textiles<br /><b>,</b> Handloom and Khadi (TXD 8)<br /><br /><b>,TXD 8,published,,,0,</b> <br /><br /><br /><b>LEGALLY BINDING DOCUMENT</b><br /><br /><i>Step Out From the Old to the New</i>--Jawaharlal Nehru<br /><i>Invent a new India using knowledge.</i>--Satyanarayan Gangaram Pitroda,['ARCHIVE_ORG'],gov.in.is.1.1968,https://archive.org/details/gov.in.is.1.1968,http://creativecommons.org/publicdomain/zero/1.0/,bis_data\archive\text\gov.in.is.1.1968.txt,,True,False,True,
IS|10|1|None|1990|None,IS|10|1|None,IS 10 (Part 1):1990,IS,10,1.0,,1990,IS 10-1: Plywood Tea-Chests: Part-1 General,</b> Civil Engineering<br /><b>,</b> Timber and Timber Stores (CED 9)<br /><br /><b>,CED 9,published,,,0,</b> <br /><br /><br /><b>LEGALLY BINDING DOCUMENT</b><br /><br /><i>Step Out From the Old to the New</i>--Jawaharlal Nehru<br /><i>Invent a new India using knowledge.</i>--Satyanarayan Gangaram Pitroda,['ARCHIVE_ORG'],gov.in.is.10.1.1990,https://archive.org/details/gov.in.is.10.1.1990,http://creativecommons.org/publicdomain/zero/1.0/,bis_data\archive\text\gov.in.is.10.1.1990.txt,,True,False,True,
IS|10|2|None|1996|None,IS|10|2|None,IS 10 (Part 2):1996,IS,10,2.0,,1996,IS 10-2: Plywood Tea-Chests: Part-2 Plywood,</b> Civil Engineering<br /><b>,</b> Timber and Timber Stores (CED 9)<br /><br /><b>,CED 9,published,,,0,</b> <br /><br /><br /><b>LEGALLY BINDING DOCUMENT</b><br /><br /><i>Step Out From the Old to the New</i>--Jawaharlal Nehru<br /><i>Invent a new India using knowledge.</i>--Satyanarayan Gangaram Pitroda,['ARCHIVE_ORG'],gov.in.is.10.2.1996,https://archive.org/details/gov.in.is.10.2.1996,http://creativecommons.org/publicdomain/zero/1.0/,bis_data\archive\text\gov.in.is.10.2.1996.txt,,True,False,False,IS 10 (Part 2):2013
IS|10|2|None|2013|None,IS|10|2|None,IS 10 (Part 2):2013,IS,10,2.0,,2013,IS 10 : Part 2 : 2013: Plywood Tea-Chests  Part 2 Plywood,,,,published,,,0,,['ARCHIVE_ORG'],gov.in.is.10.2.2013,https://archive.org/details/gov.in.is.10.2.2013,,bis_data\archive\text\gov.in.is.10.2.2013.txt,,True,False,True,
IS|10|3|None|1974|None,IS|10|3|None,IS 10 (Part 3):1974,IS,10,3.0,,1974,IS 10-3: Plywood Tea-Chests: Part-3 Battens,</b> Civil Engineering<br /><b>,</b> Timber and Timber Stores (CED 9)<br /><br /><b>,CED 9,published,,,0,</b> <br /><br /><br /><b>LEGALLY BINDING DOCUMENT</b><br /><br /><i>Step Out From the Old to the New</i>--Jawaharlal Nehru<br /><i>Invent a new India using knowledge.</i>--Satyanarayan Gangaram Pitroda,['ARCHIVE_ORG'],gov.in.is.10.3.1974,https://archive.org/details/gov.in.is.10.3.1974,http://creativecommons.org/publicdomain/zero/1.0/,bis_data\archive\text\gov.in.is.10.3.1974.txt,,True,False,True,
IS|10|4|None|1989|None,IS|10|4|None,IS 10 (Part 4):1989,IS,10,4.0,,1989,IS 10-4: Plywood Tea-Chests: Part-4 Metal Fittings,</b> Civil Engineering<br /><b>,</b> Timber and Timber Stores (CED 9)<br /><br /><b>,CED 9,published,,,0,</b> <br /><br /><br /><b>LEGALLY BINDING DOCUMENT</b><br /><br /><i>Step Out From the Old to the New</i>--Jawaharlal Nehru<br /><i>Invent a new India using knowledge.</i>--Satyanarayan Gangaram Pitroda,['ARCHIVE_ORG'],gov.in.is.10.4.1989,https://archive.org/details/gov.in.is.10.4.1989,http://creativecommons.org/publicdomain/zero/1.0/,bis_data\archive\text\gov.in.is.10.4.1989.txt,,True,False,True,
IS|10|5|None|1976|None,IS|10|5|None,IS 10 (Part 5):1976,IS,10,5.0,,1976,"IS 10-5: Plywood Tea-Chests, Part 5: Assembly and Packing",</b> Civil Engineering<br /><b>,</b> Timber and Timber Stores (CED 9)<br /><br /><b>,CED 9,published,,,0,</b> <br /><br /><br /><b>LEGALLY BINDING DOCUMENT</b><br /><br /><i>Step Out From the Old to the New</i>--Jawaharlal Nehru<br /><i>Invent a new India using knowledge.</i>--Satyanarayan Gangaram Pitroda,['ARCHIVE_ORG'],gov.in.is.10.5.1976,https://archive.org/details/gov.in.is.10.5.1976,http://creativecommons.org/publicdomain/zero/1.0/,bis_data\archive\text\gov.in.is.10.5.1976.txt,,True,False,True,
IS|101|1|1|1986|None,IS|101|1|1,IS 101 (Part 1 / Section 1):1986,IS,101,1.0,1.0,1986,"IS 101-1-1: Methods of sampling and test for paints, varnishes and related products, Part 1: Test on liquid paints (general and physical), Section 1: Sampling",</b> Chemical<br /><b>,"</b> Paints, Varnishes and Related Products (CHD 20)<br /><br /><b>",CHD 20,published,,,0,</b> <br /><br /><br /><b>LEGALLY BINDING DOCUMENT</b><br /><br /><i>Step Out From the Old to the New</i>--Jawaharlal Nehru<br /><i>Invent a new India using knowledge.</i>--Satyanarayan Gangaram Pitroda,['ARCHIVE_ORG'],gov.in.is.101.1.1.1986,https://archive.org/details/gov.in.is.101.1.1.1986,http://creativecommons.org/publicdomain/zero/1.0/,bis_data\archive\text\gov.in.is.101.1.1.1986.txt,,True,False,False,IS 101 (Part 1 / Section 1):2023
IS|101|1|1|2023|None,IS|101|1|1,IS 101 (Part 1 / Section 1):2023,IS,101,1.0,1.0,2023,IS 101 : Part 1 : Sec 1 : 2023: Methods Of Sampling And Test For Paints Varnishes And Related Products : Part 1 Tests On Liquid Paints  General And Physical:Section 1 Sampling,,,,published,,,0,,['ARCHIVE_ORG'],gov.in.is.101.1.1.2023,https://archive.org/details/gov.in.is.101.1.1.2023,,bis_data\archive\text\gov.in.is.101.1.1.2023.txt,,True,False,True,
IS|101|1|2|1987|None,IS|101|1|2,IS 101 (Part 1 / Section 2):1987,IS,101,1.0,2.0,1987,"IS 101-1-2: Methods of sampling and test for paints, varnishes and related products, Part 1: Test on liquid paints (general and physical), Section 2: Preliminary examination and preparation of samples for testing",</b> Chemical<br /><b>,"</b> Paints, Varnishes and Related Products (CHD 20)<br /><br /><b>",CHD 20,published,,,0,</b> <br /><br /><br /><b>LEGALLY BINDING DOCUMENT</b><br /><br /><i>Step Out From the Old to the New</i>--Jawaharlal Nehru<br /><i>Invent a new India using knowledge.</i>--Satyanarayan Gangaram Pitroda,['ARCHIVE_ORG'],gov.in.is.101.1.2.1987,https://archive.org/details/gov.in.is.101.1.2.1987,http://creativecommons.org/publicdomain/zero/1.0/,bis_data\archive\text\gov.in.is.101.1.2.1987.txt,,True,False,True,
IS|101|1|3|1986|None,IS|101|1|3,IS 101 (Part 1 / Section 3):1986,IS,101,1.0,3.0,1986,"IS 101-1-3: Methods of sampling and test for paints, varnishes and related products, Part 1: Test on liquid paints (general and physical), Section 3: Preparation of panels",</b> Chemical<br /><b>,"</b> Paints, Varnishes and Related Products (CHD 20)<br /><br /><b>",CHD 20,published,,,0,</b> <br /><br /><br /><b>LEGALLY BINDING DOCUMENT</b><br /><br /><i>Step Out From the Old to the New</i>--Jawaharlal Nehru<br /><i>Invent a new India using knowledge.</i>--Satyanarayan Gangaram Pitroda,['ARCHIVE_ORG'],gov.in.is.101.1.3.1986,https://archive.org/details/gov.in.is.101.1.3.1986,http://creativecommons.org/publicdomain/zero/1.0/,bis_data\archive\text\gov.in.is.101.1.3.1986.txt,,True,False,True,
IS|101|1|4|1987|None,IS|101|1|4,IS 101 (Part 1 / Section 4):1987,IS,101,1.0,4.0,1987,"IS 101-1-4: Methods of sampling and test for paints, varnishes and related products, Part 1: Test on liquid paints (general and physical), Section 4: Brushing test",</b> Chemical<br /><b>,"</b> Paints, Varnishes and Related Products (CHD 20)<br /><br /><b>",CHD 20,published,,,0,</b> <br /><br /><br /><b>LEGALLY BINDING DOCUMENT</b><br /><br /><i>Step Out From the Old to the New</i>--Jawaharlal Nehru<br /><i>Invent a new India using knowledge.</i>--Satyanarayan Gangaram Pitroda,['ARCHIVE_ORG'],gov.in.is.101.1.4.1987,https://archive.org/details/gov.in.is.101.1.4.1987,http://creativecommons.org/publicdomain/zero/1.0/,bis_data\archive\text\gov.in.is.101.1.4.1987.txt,,True,False,True,
IS|101|1|5|1989|None,IS|101|1|5,IS 101 (Part 1 / Section 5):1989,IS,101,1.0,5.0,1989,"IS 101-1-5: Methods of sampling and test for paints, varnishes and related products, Part 1: Tests on liquid paints (general and physical), Section 5: Consistency",</b> Chemical<br /><b>,"</b> Paints, Varnishes and Related Products (CHD 20)<br /><br /><b>",CHD 20,published,,,0,</b> <br /><br /><br /><b>LEGALLY BINDING DOCUMENT</b><br /><br /><i>Step Out From the Old to the New</i>--Jawaharlal Nehru<br /><i>Invent a new India using knowledge.</i>--Satyanarayan Gangaram Pitroda,['ARCHIVE_ORG'],gov.in.is.101.1.5.1989,https://archive.org/details/gov.in.is.101.1.5.1989,http://creativecommons.org/publicdomain/zero/1.0/,bis_data\archive\text\gov.in.is.101.1.5.1989.txt,,True,False,True,
IS|101|1|6|1987|None,IS|101|1|6,IS 101 (Part 1 / Section 6):1987,IS,101,1.0,6.0,1987,"IS 101-1-6: Methods of sampling and test for paints, varnishes and related products, Part 1: Test on liquid paints (general and physical), Section 6: Flash point",</b> Chemical<br /><b>,"</b> Paints, Varnishes and Related Products (CHD 20)<br /><br /><b>",CHD 20,published,,,0,</b> <br /><br /><br /><b>LEGALLY BINDING DOCUMENT</b><br /><br /><i>Step Out From the Old to the New</i>--Jawaharlal Nehru<br /><i>Invent a new India using knowledge.</i>--Satyanarayan Gangaram Pitroda,['ARCHIVE_ORG'],gov.in.is.101.1.6.1987,https://archive.org/details/gov.in.is.101.1.6.1987,http://creativecommons.org/publicdomain/zero/1.0/,bis_data\archive\text\gov.in.is.101.1.6.1987.txt,,True,False,True,
IS|101|1|7|1987|None,IS|101|1|7,IS 101 (Part 1 / Section 7):1987,IS,101,1.0,7.0,1987,"IS 101-1-7: Methods of sampling and test for paints, varnishes and related products, Part 1: Test on liquid paints (general and physical), Section 7: Mass per 10 litres",</b> Chemical<br /><b>,"</b> Paints, Varnishes and Related Products (CHD 20)<br /><br /><b>",CHD 20,published,,,0,</b> <br /><br /><br /><b>LEGALLY BINDING DOCUMENT</b><br /><br /><i>Step Out From the Old to the New</i>--Jawaharlal Nehru<br /><i>Invent a new India using knowledge.</i>--Satyanarayan Gangaram Pitroda,['ARCHIVE_ORG'],gov.in.is.101.1.7.1987,https://archive.org/details/gov.in.is.101.1.7.1987,http://creativecommons.org/publicdomain/zero/1.0/,bis_data\archive\text\gov.in.is.101.1.7.1987.txt,,True,False,True,
IS|101|2|1|1988|None,IS|101|2|1,IS 101 (Part 2 / Section 1):1988,IS,101,2.0,1.0,1988,"IS 101-2-1: Methods of sampling and test for paints, varnishes and related products, Part 2: Test on liquid paints (chemical examination), Section 1: Water content",</b> Chemical<br /><b>,"</b> Paints, Varnishes and Related Products (CHD 20)<br /><br /><b>",CHD 20,published,,,0,</b> <br /><br /><br /><b>LEGALLY BINDING DOCUMENT</b><br /><br /><i>Step Out From the Old to the New</i>--Jawaharlal Nehru<br /><i>Invent a new India using knowledge.</i>--Satyanarayan Gangaram Pitroda,['ARCHIVE_ORG'],gov.in.is.101.2.1.1988,https://archive.org/details/gov.in.is.101.2.1.1988,http://creativecommons.org/publicdomain/zero/1.0/,bis_data\archive\text\gov.in.is.101.2.1.1988.txt,,True,False,False,IS 101 (Part 2 / Section 1):2018
IS|101|2|1|2018|None,IS|101|2|1,IS 101 (Part 2 / Section 1):2018,IS,101,2.0,1.0,2018,"IS 101 : Part 2 : Sec 1 : 2018: Methods of Sampling and Test for Paints, Varnishes and Related Products Part 2 Test on Liquid Paints (Chemical Examination) Section 1 Water Content ( Fourth Revision )",,,,published,,,0,,['ARCHIVE_ORG'],gov.in.is.101.2.1.2018,https://archive.org/details/gov.in.is.101.2.1.2018,,bis_data\archive\text\gov.in.is.101.2.1.2018.txt,,True,False,True,
IS|101|2|2|1986|None,IS|101|2|2,IS 101 (Part 2 / Section 2):1986,IS,101,2.0,2.0,1986,"IS 101-2-2: Methods of sampling and test for paints, varnishes and related products, Part 2: Test on liquid paints (chemical examination), Section 2: Volatile matter",</b> Chemical<br /><b>,"</b> Paints, Varnishes and Related Products (CHD 20)<br /><br /><b>",CHD 20,published,,,0,</b> <br /><br /><br /><b>LEGALLY BINDING DOCUMENT</b><br /><br /><i>Step Out From the Old to the New</i>--Jawaharlal Nehru<br /><i>Invent a new India using knowledge.</i>--Satyanarayan Gangaram Pitroda,['ARCHIVE_ORG'],gov.in.is.101.2.2.1986,https://archive.org/details/gov.in.is.101.2.2.1986,http://creativecommons.org/publicdomain/zero/1.0/,bis_data\archive\text\gov.in.is.101.2.2.1986.txt,,True,False,True,
IS|101|3|1|1986|None,IS|101|3|1,IS 101 (Part 3 / Section 1):1986,IS,101,3.0,1.0,1986,"IS 101-3-1: Methods of sampling and test for paints, varnishes and related products, Part 3: Tests on paint film formation, Section 1: Drying time",</b> Chemical<br /><b>,"</b> Paints, Varnishes and Related Products (CHD 20)<br /><br /><b>",CHD 20,published,,,0,</b> <br /><br /><br /><b>LEGALLY BINDING DOCUMENT</b><br /><br /><i>Step Out From the Old to the New</i>--Jawaharlal Nehru<br /><i>Invent a new India using knowledge.</i>--Satyanarayan Gangaram Pitroda,['ARCHIVE_ORG'],gov.in.is.101.3.1.1986,https://archive.org/details/gov.in.is.101.3.1.1986,http://creativecommons.org/publicdomain/zero/1.0/,bis_data\archive\text\gov.in.is.101.3.1.1986.txt,,True,False,True,
IS|101|3|2|1989|None,IS|101|3|2,IS 101 (Part 3 / Section 2):1989,IS,101,3.0,2.0,1989,"IS 101-3-2: Methods of sampling and test for paints, varnishes and related products, Part 3: Tests on paint film formation, Section 2: Film thickness",</b> Chemical<br /><b>,"</b> Paints, Varnishes and Related Products (CHD 20)<br /><br /><b>",CHD 20,published,,,0,</b> <br /><br /><br /><b>LEGALLY BINDING DOCUMENT</b><br /><br /><i>Step Out From the Old to the New</i>--Jawaharlal Nehru<br /><i>Invent a new India using knowledge.</i>--Satyanarayan Gangaram Pitroda,['ARCHIVE_ORG'],gov.in.is.101.3.2.1989,https://archive.org/details/gov.in.is.101.3.2.1989,http://creativecommons.org/publicdomain/zero/1.0/,bis_data\archive\text\gov.in.is.101.3.2.1989.txt,,True,False,True,
IS|101|3|4|1987|None,IS|101|3|4,IS 101 (Part 3 / Section 4):1987,IS,101,3.0,4.0,1987,"IS 101-3-4: Methods of sampling and test for paints, varnishes and related products, Part 3: Tests on paint film formation, Section 4: Finish",</b> Chemical<br /><b>,"</b> Paints, Varnishes and Related Products (CHD 20)<br /><br /><b>",CHD 20,published,,,0,</b> <br /><br /><br /><b>LEGALLY BINDING DOCUMENT</b><br /><br /><i>Step Out From the Old to the New</i>--Jawaharlal Nehru<br /><i>Invent a new India using knowledge.</i>--Satyanarayan Gangaram Pitroda,['ARCHIVE_ORG'],gov.in.is.101.3.4.1987,https://archive.org/details/gov.in.is.101.3.4.1987,http://creativecommons.org/publicdomain/zero/1.0/,bis_data\archive\text\gov.in.is.101.3.4.1987.txt,,True,False,True,
IS|101|3|5|1987|None,IS|101|3|5,IS 101 (Part 3 / Section 5):1987,IS,101,3.0,5.0,1987,"IS 101-3-5: Methods of sampling and test for paints, varnishes and related products, Part 3: Tests on paint film formation, Section 5: Fineness of grind",</b> Chemical<br /><b>,"</b> Paints, Varnishes and Related Products (CHD 20)<br /><br /><b>",CHD 20,published,,,0,</b> <br /><br /><br /><b>LEGALLY BINDING DOCUMENT</b><br /><br /><i>Step Out From the Old to the New</i>--Jawaharlal Nehru<br /><i>Invent a new India using knowledge.</i>--Satyanarayan Gangaram Pitroda,['ARCHIVE_ORG'],gov.in.is.101.3.5.1987,https://archive.org/details/gov.in.is.101.3.5.1987,http://creativecommons.org/publicdomain/zero/1.0/,bis_data\archive\text\gov.in.is.101.3.5.1987.txt,,True,False,True,
IS|101|4|1|1988|None,IS|101|4|1,IS 101 (Part 4 / Section 1):1988,IS,101,4.0,1.0,1988,"IS 101-4-1: Methods of Sampling and Test for Paints, Varnishes and Related Products, Part 4: Optical Test, Section 1: Opacity",</b> Chemical<br /><b>,"</b> Paints, Varnishes and Related Products (CHD 20)<br /><br /><b>",CHD 20,published,,,0,</b> <br /><br /><br /><b>LEGALLY BINDING DOCUMENT</b><br /><br /><i>Step Out From the Old to the New</i>--Jawaharlal Nehru<br /><i>Invent a new India using knowledge.</i>--Satyanarayan Gangaram Pitroda,['ARCHIVE_ORG'],gov.in.is.101.4.1.1988,https://archive.org/details/gov.in.is.101.4.1.1988,http://creativecommons.org/publicdomain/zero/1.0/,bis_data\archive\text\gov.in.is.101.4.1.1988.txt,,True,False,True,
IS|101|4|2|1989|None,IS|101|4|2,IS 101 (Part 4 / Section 2):1989,IS,101,4.0,2.0,1989,"IS 101-4-2: Methods of Sampling and test for paints, varnishes and related products, Part 4: Optical tests, Section 2: Colour",</b> Chemical<br /><b>,"</b> Paints, Varnishes and Related Products (CHD 20)<br /><br /><b>",CHD 20,published,,,0,</b> <br /><br /><br /><b>LEGALLY BINDING DOCUMENT</b><br /><br /><i>Step Out From the Old to the New</i>--Jawaharlal Nehru<br /><i>Invent a new India using knowledge.</i>--Satyanarayan Gangaram Pitroda,['ARCHIVE_ORG'],gov.in.is.101.4.2.1989,https://archive.org/details/gov.in.is.101.4.2.1989,http://creativecommons.org/publicdomain/zero/1.0/,bis_data\archive\text\gov.in.is.101.4.2.1989.txt,,True,False,True,
IS|101|4|3|1988|None,IS|101|4|3,IS 101 (Part 4 / Section 3):1988,IS,101,4.0,3.0,1988,"IS 101-4-3: Methods of Sampling and Test for Paints, Varnishes and Related Products, Part 4: Optical Tests, Section 3: Light Fastness Test",</b> Chemical<br /><b>,"</b> Paints, Varnishes and Related Products (CHD 20)<br /><br /><b>",CHD 20,published,,,0,</b> <br /><br /><br /><b>LEGALLY BINDING DOCUMENT</b><br /><br /><i>Step Out From the Old to the New</i>--Jawaharlal Nehru<br /><i>Invent a new India using knowledge.</i>--Satyanarayan Gangaram Pitroda,['ARCHIVE_ORG'],gov.in.is.101.4.3.1988,https://archive.org/details/gov.in.is.101.4.3.1988,http://creativecommons.org/publicdomain/zero/1.0/,bis_data\archive\text\gov.in.is.101.4.3.1988.txt,,True,False,True,
IS|101|4|4|1988|None,IS|101|4|4,IS 101 (Part 4 / Section 4):1988,IS,101,4.0,4.0,1988,"IS 101-4-4: Methods of sampling and Test for Paints, Varnishes and Related Products, Part 4: Optical Test, Section 4: Gloss",</b> Chemical<br /><b>,"</b> Paints, Varnishes and Related Products (CHD 20)<br /><br /><b>",CHD 20,published,,,0,</b> <br /><br /><br /><b>LEGALLY BINDING DOCUMENT</b><br /><br /><i>Step Out From the Old to the New</i>--Jawaharlal Nehru<br /><i>Invent a new India using knowledge.</i>--Satyanarayan Gangaram Pitroda,['ARCHIVE_ORG'],gov.in.is.101.4.4.1988,https://archive.org/details/gov.in.is.101.4.4.1988,http://creativecommons.org/publicdomain/zero/1.0/,bis_data\archive\text\gov.in.is.101.4.4.1988.txt,,True,False,True,
IS|101|5|1|1988|None,IS|101|5|1,IS 101 (Part 5 / Section 1):1988,IS,101,5.0,1.0,1988,"IS 101-5-1: Methods of sampling and test for paints, varnishes and related products, Part 5: Mechanical test on paint films, Section 1: Hardness tests",</b> Chemical<br /><b>,"</b> Paints, Varnishes and Related Products (CHD 20)<br /><br /><b>",CHD 20,published,,,0,</b> <br /><br /><br /><b>LEGALLY BINDING DOCUMENT</b><br /><br /><i>Step Out From the Old to the New</i>--Jawaharlal Nehru<br /><i>Invent a new India using knowledge.</i>--Satyanarayan Gangaram Pitroda,['ARCHIVE_ORG'],gov.in.is.101.5.1.1988,https://archive.org/details/gov.in.is.101.5.1.1988,http://creativecommons.org/publicdomain/zero/1.0/,bis_data\archive\text\gov.in.is.101.5.1.1988.txt,,True,False,True,
IS|101|5|2|1988|None,IS|101|5|2,IS 101 (Part 5 / Section 2):1988,IS,101,5.0,2.0,1988,"IS 101-5-2: Methods of sampling and test for paints, varnishes and related products, Part 5: Mechanical test on paint films, Section 2: Flexibility and adhesion",</b> Chemical<br /><b>,"</b> Paints, Varnishes and Related Products (CHD 20)<br /><br /><b>",CHD 20,published,,,0,</b> <br /><br /><br /><b>LEGALLY BINDING DOCUMENT</b><br /><br /><i>Step Out From the Old to the New</i>--Jawaharlal Nehru<br /><i>Invent a new India using knowledge.</i>--Satyanarayan Gangaram Pitroda,['ARCHIVE_ORG'],gov.in.is.101.5.2.1988,https://archive.org/details/gov.in.is.101.5.2.1988,http://creativecommons.org/publicdomain/zero/1.0/,bis_data\archive\text\gov.in.is.101.5.2.1988.txt,,True,False,True,
IS|101|5|3|1999|None,IS|101|5|3,IS 101 (Part 5 / Section 3):1999,IS,101,5.0,3.0,1999,"IS 101-5-3: Methods of Sampling and Test for Paints, Varnishes and Related Products, Part 5: Mechanical Tests, Section 3: Impact Resistance",</b> Chemical<br /><b>,"</b> Paints, Varnishes and Related Products (CHD 20)<br /><br /><b>",CHD 20,published,,,0,</b> <br /><br /><br /><b>LEGALLY BINDING DOCUMENT</b><br /><br /><i>Step Out From the Old to the New</i>--Jawaharlal Nehru<br /><i>Invent a new India using knowledge.</i>--Satyanarayan Gangaram Pitroda,['ARCHIVE_ORG'],gov.in.is.101.5.3.1999,https://archive.org/details/gov.in.is.101.5.3.1999,http://creativecommons.org/publicdomain/zero/1.0/,bis_data\archive\text\gov.in.is.101.5.3.1999.txt,,True,False,True,
IS|101|5|4|1988|None,IS|101|5|4,IS 101 (Part 5 / Section 4):1988,IS,101,5.0,4.0,1988,"IS 101-5-4: Methods of sampling and test for paints, varnishes and related products, Part 5: Mechanical test on paint films, Section 4: Print free test",</b> Chemical<br /><b>,"</b> Paints, Varnishes and Related Products (CHD 20)<br /><br /><b>",CHD 20,published,,,0,</b> <br /><br /><br /><b>LEGALLY BINDING DOCUMENT</b><br /><br /><i>Step Out From the Old to the New</i>--Jawaharlal Nehru<br /><i>Invent a new India using knowledge.</i>--Satyanarayan Gangaram Pitroda,['ARCHIVE_ORG'],gov.in.is.101.5.4.1988,https://archive.org/details/gov.in.is.101.5.4.1988,http://creativecommons.org/publicdomain/zero/1.0/,bis_data\archive\text\gov.in.is.101.5.4.1988.txt,,True,False,True,
IS|101|6|1|1988|None,IS|101|6|1,IS 101 (Part 6 / Section 1):1988,IS,101,6.0,1.0,1988,"IS 101-6-1: Methods of sampling and test for paints, varnishes and related products, Part 6: Durability tests, Section 1: Resistance to humidity under conditions of condensation",</b> Chemical<br /><b>,"</b> Paints, Varnishes and Related Products (CHD 20)<br /><br /><b>",CHD 20,published,,,0,</b> <br /><br /><br /><b>LEGALLY BINDING DOCUMENT</b><br /><br /><i>Step Out From the Old to the New</i>--Jawaharlal Nehru<br /><i>Invent a new India using knowledge.</i>--Satyanarayan Gangaram Pitroda,['ARCHIVE_ORG'],gov.in.is.101.6.1.1988,https://archive.org/details/gov.in.is.101.6.1.1988,http://creativecommons.org/publicdomain/zero/1.0/,bis_data\archive\text\gov.in.is.101.6.1.1988.txt,,True,False,True,
IS|101|6|2|1989|None,IS|101|6|2,IS 101 (Part 6 / Section 2):1989,IS,101,6.0,2.0,1989,"IS 101-6-2: Methods of sampling and test for paints, varnishes and related products, Part 6: Durability tests on paint films, Section 2: Keeping properties",</b> Chemical<br /><b>,"</b> Paints, Varnishes and Related Products (CHD 20)<br /><br /><b>",CHD 20,published,,,0,</b> <br /><br /><br /><b>LEGALLY BINDING DOCUMENT</b><br /><br /><i>Step Out From the Old to the New</i>--Jawaharlal Nehru<br /><i>Invent a new India using knowledge.</i>--Satyanarayan Gangaram Pitroda,['ARCHIVE_ORG'],gov.in.is.101.6.2.1989,https://archive.org/details/gov.in.is.101.6.2.1989,http://creativecommons.org/publicdomain/zero/1.0/,bis_data\archive\text\gov.in.is.101.6.2.1989.txt,,True,False,True,
IS|101|6|3|1990|None,IS|101|6|3,IS 101 (Part 6 / Section 3):1990,IS,101,6.0,3.0,1990,"IS 101-6-3: Methods of sampling and test for paints, varnishes and related products, Part 6: Durability tests on paint films, Section 3: Moisture vapour permeability",</b> Chemical<br /><b>,"</b> Paints, Varnishes and Related Products (CHD 20)<br /><br /><b>",CHD 20,published,,,0,</b> <br /><br /><br /><b>LEGALLY BINDING DOCUMENT</b><br /><br /><i>Step Out From the Old to the New</i>--Jawaharlal Nehru<br /><i>Invent a new India using knowledge.</i>--Satyanarayan Gangaram Pitroda,['ARCHIVE_ORG'],gov.in.is.101.6.3.1990,https://archive.org/details/gov.in.is.101.6.3.1990,http://creativecommons.org/publicdomain/zero/1.0/,bis_data\archive\text\gov.in.is.101.6.3.1990.txt,,True,False,True,
IS|101|6|4|1991|None,IS|101|6|4,IS 101 (Part 6 / Section 4):1991,IS,101,6.0,4.0,1991,"IS 101-6-4: Methods of sampling and test for paints, varnishes and related products, Part 6: Durability tests on paint films, Section 4: Degradation of coatings (pictorial aids for evaluation)",</b> Chemical<br /><b>,"</b> Paints, Varnishes and Related Products (CHD 20)<br /><br /><b>",CHD 20,published,,,0,</b> <br /><br /><br /><b>LEGALLY BINDING DOCUMENT</b><br /><br /><i>Step Out From the Old to the New</i>--Jawaharlal Nehru<br /><i>Invent a new India using knowledge.</i>--Satyanarayan Gangaram Pitroda,['ARCHIVE_ORG'],gov.in.is.101.6.4.1991,https://archive.org/details/gov.in.is.101.6.4.1991,http://creativecommons.org/publicdomain/zero/1.0/,bis_data\archive\text\gov.in.is.101.6.4.1991.txt,,True,False,True,
IS|101|6|5|1997|None,IS|101|6|5,IS 101 (Part 6 / Section 5):1997,IS,101,6.0,5.0,1997,"IS 101-6-5: Method of sampling and test for paints, varnishes and related products, Part 6: Durability test on Paint films, Section 5: Accelerated weathering test",</b> Chemical<br /><b>,"</b> Paints, Varnishes and Related Products (CHD 20)<br /><br /><b>",CHD 20,published,,,0,</b> <br /><br /><br /><b>LEGALLY BINDING DOCUMENT</b><br /><br /><i>Step Out From the Old to the New</i>--Jawaharlal Nehru<br /><i>Invent a new India using knowledge.</i>--Satyanarayan Gangaram Pitroda,['ARCHIVE_ORG'],gov.in.is.101.6.5.1997,https://archive.org/details/gov.in.is.101.6.5.1997,http://creativecommons.org/publicdomain/zero/1.0/,bis_data\archive\text\gov.in.is.101.6.5.1997.txt,,True,False,True,
IS|101|7|1|1989|None,IS|101|7|1,IS 101 (Part 7 / Section 1):1989,IS,101,7.0,1.0,1989,"IS 101-7-1: Methods of Sampling and Test for Paints, Varnishes and Related Products, Part 7: Environmental Tests on Paint Films, Section 1: Resistance to water",</b> Chemical<br /><b>,"</b> Paints, Varnishes and Related Products (CHD 20)<br /><br /><b>",CHD 20,published,,,0,</b> <br /><br /><br /><b>LEGALLY BINDING DOCUMENT</b><br /><br /><i>Step Out From the Old to the New</i>--Jawaharlal Nehru<br /><i>Invent a new India using knowledge.</i>--Satyanarayan Gangaram Pitroda,['ARCHIVE_ORG'],gov.in.is.101.7.1.1989,https://archive.org/details/gov.in.is.101.7.1.1989,http://creativecommons.org/publicdomain/zero/1.0/,bis_data\archive\text\gov.in.is.101.7.1.1989.txt,,True,False,True,
IS|101|7|2|1990|None,IS|101|7|2,IS 101 (Part 7 / Section 2):1990,IS,101,7.0,2.0,1990,"IS 101-7-2: Methods of sampling and test for paints, varnishes and related products, Part 7: Environmental tests on paint films, Section 2: Resistance to liquids",</b> Chemical<br /><b>,"</b> Paints, Varnishes and Related Products (CHD 20)<br /><br /><b>",CHD 20,published,,,0,</b> <br /><br /><br /><b>LEGALLY BINDING DOCUMENT</b><br /><br /><i>Step Out From the Old to the New</i>--Jawaharlal Nehru<br /><i>Invent a new India using knowledge.</i>--Satyanarayan Gangaram Pitroda,['ARCHIVE_ORG'],gov.in.is.101.7.2.1990,https://archive.org/details/gov.in.is.101.7.2.1990,http://creativecommons.org/publicdomain/zero/1.0/,bis_data\archive\text\gov.in.is.101.7.2.1990.txt,,True,False,True,
IS|101|7|3|1990|None,IS|101|7|3,IS 101 (Part 7 / Section 3):1990,IS,101,7.0,3.0,1990,"IS 101-7-3: Methods of sampling and test for paints, varnishes and related products, Part 7: Environmental tests on paint films, Section 3: Resistance to heat",</b> Chemical<br /><b>,"</b> Paints, Varnishes and Related Products (CHD 20)<br /><br /><b>",CHD 20,published,,,0,</b> <br /><br /><br /><b>LEGALLY BINDING DOCUMENT</b><br /><br /><i>Step Out From the Old to the New</i>--Jawaharlal Nehru<br /><i>Invent a new India using knowledge.</i>--Satyanarayan Gangaram Pitroda,['ARCHIVE_ORG'],gov.in.is.101.7.3.1990,https://archive.org/details/gov.in.is.101.7.3.1990,http://creativecommons.org/publicdomain/zero/1.0/,bis_data\archive\text\gov.in.is.101.7.3.1990.txt,,True,False,True,
IS|101|7|4|1990|None,IS|101|7|4,IS 101 (Part 7 / Section 4):1990,IS,101,7.0,4.0,1990,"IS 101-7-4: Methods of sampling and test for paints, varnishes and related products, Part 7: Environmental tests on paint films, Section 4: Resistance to bleeding of pigments",</b> Chemical<br /><b>,"</b> Paints, Varnishes and Related Products (CHD 20)<br /><br /><b>",CHD 20,published,,,0,</b> <br /><br /><br /><b>LEGALLY BINDING DOCUMENT</b><br /><br /><i>Step Out From the Old to the New</i>--Jawaharlal Nehru<br /><i>Invent a new India using knowledge.</i>--Satyanarayan Gangaram Pitroda,['ARCHIVE_ORG'],gov.in.is.101.7.4.1990,https://archive.org/details/gov.in.is.101.7.4.1990,http://creativecommons.org/publicdomain/zero/1.0/,bis_data\archive\text\gov.in.is.101.7.4.1990.txt,,True,False,True,
IS|1000|None|None|1989|None,IS|1000|None|None,IS 1000:1989,IS,1000,,,1989,IS 1000: Milk and Milk Products - Lactose Commercial,</b> Food and Agriculture<br /><b>,</b> Dairy Products and Equipment (FAD 19)<br /><br /><b>,FAD 19,published,,,0,</b> <br /><br /><br /><b>LEGALLY BINDING DOCUMENT</b><br /><br /><i>Step Out From the Old to the New</i>--Jawaharlal Nehru<br /><i>Invent a new India using knowledge.</i>--Satyanarayan Gangaram Pitroda,['ARCHIVE_ORG'],gov.in.is.1000.1989,https://archive.org/details/gov.in.is.1000.1989,http://creativecommons.org/publicdomain/zero/1.0/,bis_data\archive\text\gov.in.is.1000.1989.txt,,True,False,False,IS 1000:2021
IS|1000|None|None|2021|None,IS|1000|None|None,IS 1000:2021,IS,1000,,,2021,IS 1000 : 2021: Edible Lactose - Specification,,,,published,,,0,,['ARCHIVE_ORG'],gov.in.is.1000.2021,https://archive.org/details/gov.in.is.1000.2021,,bis_data\archive\text\gov.in.is.1000.2021.txt,,True,False,True,
IS|1001|None|None|1991|None,IS|1001|None|None,IS 1001:1991,IS,1001,,,1991,IS 1001: Synthetic Rubber Proofed/Coated Fuel Pump Diaphragm Fabric,"</b> Petroleum, Coal, and Related Products<br /><b>",</b> Rubber and Rubber Products (PCD 13)<br /><br /><b>,PCD 13,published,,,0,</b> <br /><br /><br /><b>LEGALLY BINDING DOCUMENT</b><br /><br /><i>Step Out From the Old to the New</i>--Jawaharlal Nehru<br /><i>Invent a new India using knowledge.</i>--Satyanarayan Gangaram Pitroda,['ARCHIVE_ORG'],gov.in.is.1001.1991,https://archive.org/details/gov.in.is.1001.1991,http://creativecommons.org/publicdomain/zero/1.0/,bis_data\archive\text\gov.in.is.1001.1991.txt,,True,False,True,
IS|1003|1|None|2003|None,IS|1003|1|None,IS 1003 (Part 1):2003,IS,1003,1.0,,2003,"IS 1003-1: Timber Panelled and Glazed Shutters, Part 1: Door shutters -",</b> Civil Engineering<br /><b>,"</b> Doors, Windows and Shutter (CED 11)<br /><br /><b>",CED 11,published,,,0,</b> <br /><br /><br /><b>LEGALLY BINDING DOCUMENT</b><br /><br /><i>Step Out From the Old to the New</i>--Jawaharlal Nehru<br /><i>Invent a new India using knowledge.</i>--Satyanarayan Gangaram Pitroda,['ARCHIVE_ORG'],gov.in.is.1003.1.2003,https://archive.org/details/gov.in.is.1003.1.2003,http://creativecommons.org/publicdomain/zero/1.0/,bis_data\archive\text\gov.in.is.1003.1.2003.txt,,True,False,True,
IS|1003|2|None|1994|None,IS|1003|2|None,IS 1003 (Part 2):1994,IS,1003,2.0,,1994,"IS 1003-2: Timber Panelled And Glazed Shutters, Part 2: Windows and Ventilator Shutters",</b> Civil Engineering<br /><b>,"</b> Doors, Windows and Shutter (CED 11)<br /><br /><b>",CED 11,published,,,0,</b> <br /><br /><br /><b>LEGALLY BINDING DOCUMENT</b><br /><br /><i>Step Out From the Old to the New</i>--Jawaharlal Nehru<br /><i>Invent a new India using knowledge.</i>--Satyanarayan Gangaram Pitroda,['ARCHIVE_ORG'],gov.in.is.1003.2.1994,https://archive.org/details/gov.in.is.1003.2.1994,http://creativecommons.org/publicdomain/zero/1.0/,bis_data\archive\text\gov.in.is.1003.2.1994.txt,,True,False,True,
IS|1004|None|None|1980|None,IS|1004|None|None,IS 1004:1980,IS,1004,,,1980,IS 1004: Valve Grinding Compound,</b> Production and General Engineering<br /><b>,</b> Abrasives (PGD 9)<br /><br /><b>,PGD 9,published,,,0,</b> <br /><br /><br /><b>LEGALLY BINDING DOCUMENT</b><br /><br /><i>Step Out From the Old to the New</i>--Jawaharlal Nehru<br /><i>Invent a new India using knowledge.</i>--Satyanarayan Gangaram Pitroda,['ARCHIVE_ORG'],gov.in.is.1004.1980,https://archive.org/details/gov.in.is.1004.1980,http://creativecommons.org/publicdomain/zero/1.0/,bis_data\archive\text\gov.in.is.1004.1980.txt,,True,False,True,
IS|1005|None|None|1992|None,IS|1005|None|None,IS 1005:1992,IS,1005,,,1992,IS 1005: Edible Maize Starch (Corn Flour),</b> Food and Agriculture<br /><b>,"</b> Foodgrains, Starches and Ready to Eat Foods (FAD 16)<br /><br /><b>",FAD 16,published,,,0,</b> <br /><br /><br /><b>LEGALLY BINDING DOCUMENT</b><br /><br /><i>Step Out From the Old to the New</i>--Jawaharlal Nehru<br /><i>Invent a new India using knowledge.</i>--Satyanarayan Gangaram Pitroda,['ARCHIVE_ORG'],gov.in.is.1005.1992,https://archive.org/details/gov.in.is.1005.1992,http://creativecommons.org/publicdomain/zero/1.0/,bis_data\archive\text\gov.in.is.1005.1992.txt,,True,False,True,
IS|1006|None|None|1984|None,IS|1006|None|None,IS 1006:1984,IS,1006,,,1984,IS 1006: Arrowroot Starch,</b> Food and Agriculture<br /><b>,"</b> Foodgrains, Starches and Ready to Eat Foods (FAD 16)<br /><br /><b>",FAD 16,published,,,0,</b> <br /><br /><br /><b>LEGALLY BINDING DOCUMENT</b><br /><br /><i>Step Out From the Old to the New</i>--Jawaharlal Nehru<br /><i>Invent a new India using knowledge.</i>--Satyanarayan Gangaram Pitroda,['ARCHIVE_ORG'],gov.in.is.1006.1984,https://archive.org/details/gov.in.is.1006.1984,http://creativecommons.org/publicdomain/zero/1.0/,bis_data\archive\text\gov.in.is.1006.1984.txt,,True,False,True,
IS|1007|None|None|1984|None,IS|1007|None|None,IS 1007:1984,IS,1007,,,1984,IS 1007: Custard Powder,</b> Food and Agriculture<br /><b>,"</b> Foodgrains, Starches and Ready to Eat Foods (FAD 16)<br /><br /><b>",FAD 16,published,,,0,</b> <br /><br /><br /><b>LEGALLY BINDING DOCUMENT</b><br /><br /><i>Step Out From the Old to the New</i>--Jawaharlal Nehru<br /><i>Invent a new India using knowledge.</i>--Satyanarayan Gangaram Pitroda,['ARCHIVE_ORG'],gov.in.is.1007.1984,https://archive.org/details/gov.in.is.1007.1984,http://creativecommons.org/publicdomain/zero/1.0/,bis_data\archive\text\gov.in.is.1007.1984.txt,,True,False,True,
IS|1008|None|None|2004|None,IS|1008|None|None,IS 1008:2004,IS,1008,,,2004,IS 1008: Sugar Boiled Confectionery,</b> Food and Agriculture<br /><b>,"</b> Foodgrains, Starches and Ready to Eat Foods (FAD 16)<br /><br /><b>",FAD 16,published,,,0,</b> <br /><br /><br /><b>LEGALLY BINDING DOCUMENT</b><br /><br /><i>Step Out From the Old to the New</i>--Jawaharlal Nehru<br /><i>Invent a new India using knowledge.</i>--Satyanarayan Gangaram Pitroda,['ARCHIVE_ORG'],gov.in.is.1008.2004,https://archive.org/details/gov.in.is.1008.2004,http://creativecommons.org/publicdomain/zero/1.0/,bis_data\archive\text\gov.in.is.1008.2004.txt,,True,False,True,
IS|1009|None|None|1979|None,IS|1009|None|None,IS 1009:1979,IS,1009,,,1979,IS 1009: (wheat flour) Maida for General Purposes,</b> Food and Agriculture<br /><b>,"</b> Foodgrains, Starches and Ready to Eat Foods (FAD 16)<br /><br /><b>",FAD 16,published,,,0,</b> <br /><br /><br /><b>LEGALLY BINDING DOCUMENT</b><br /><br /><i>Step Out From the Old to the New</i>--Jawaharlal Nehru<br /><i>Invent a new India using knowledge.</i>--Satyanarayan Gangaram Pitroda,['ARCHIVE_ORG'],gov.in.is.1009.1979,https://archive.org/details/gov.in.is.1009.1979,http://creativecommons.org/publicdomain/zero/1.0/,bis_data\archive\text\gov.in.is.1009.1979.txt,,True,False,False,IS 1009:2023
IS|1009|None|None|2023|None,IS|1009|None|None,IS 1009:2023,IS,1009,,,2023,IS 1009 : 2023: Maida - Specification,,,,published,,,0,,['ARCHIVE_ORG'],gov.in.is.1009.2023,https://archive.org/details/gov.in.is.1009.2023,,bis_data\archive\text\gov.in.is.1009.2023.txt,,True,False,True,
IS|10000|1|None|1980|None,IS|10000|1|None,IS 10000 (Part 1):1980,IS,10000,1.0,,1980,"IS 10000-1: Method of tests for internal combustion engines, Part 1: Glossary of terms relating to test methods",</b> Transport Engineering<br /><b>,</b> Automotive Primemovers (TED 2)<br /><br /><b>,TED 2,published,,,0,</b> <br /><br /><br /><b>LEGALLY BINDING DOCUMENT</b><br /><br /><i>Step Out From the Old to the New</i>--Jawaharlal Nehru<br /><i>Invent a new India using knowledge.</i>--Satyanarayan Gangaram Pitroda,['ARCHIVE_ORG'],gov.in.is.10000.1.1980,https://archive.org/details/gov.in.is.10000.1.1980,http://creativecommons.org/publicdomain/zero/1.0/,bis_data\archive\text\gov.in.is.10000.1.1980.txt,,True,False,True,
IS|10000|2|None|1980|None,IS|10000|2|None,IS 10000 (Part 2):1980,IS,10000,2.0,,1980,"IS 10000-2: Methods of tests for internal combustion engines, Part 2: Standard reference conditions",</b> Transport Engineering<br /><b>,</b> Automotive Primemovers (TED 2)<br /><br /><b>,TED 2,published,,,0,</b> <br /><br /><br /><b>LEGALLY BINDING DOCUMENT</b><br /><br /><i>Step Out From the Old to the New</i>--Jawaharlal Nehru<br /><i>Invent a new India using knowledge.</i>--Satyanarayan Gangaram Pitroda,['ARCHIVE_ORG'],gov.in.is.10000.2.1980,https://archive.org/details/gov.in.is.10000.2.1980,http://creativecommons.org/publicdomain/zero/1.0/,bis_data\archive\text\gov.in.is.10000.2.1980.txt,,True,False,True,
IS|10000|3|None|1980|None,IS|10000|3|None,IS 10000 (Part 3):1980,IS,10000,3.0,,1980,"IS 10000-3: Methods of tests for intrnal combustion engines, Part 3: Measuremnts for testing-units and limits of accuracy",</b> Transport Engineering<br /><b>,</b> Automotive Primemovers (TED 2)<br /><br /><b>,TED 2,published,,,0,</b> <br /><br /><br /><b>LEGALLY BINDING DOCUMENT</b><br /><br /><i>Step Out From the Old to the New</i>--Jawaharlal Nehru<br /><i>Invent a new India using knowledge.</i>--Satyanarayan Gangaram Pitroda,['ARCHIVE_ORG'],gov.in.is.10000.3.1980,https://archive.org/details/gov.in.is.10000.3.1980,http://creativecommons.org/publicdomain/zero/1.0/,bis_data\archive\text\gov.in.is.10000.3.1980.txt,,True,False,True,
IS|10000|4|None|1980|None,IS|10000|4|None,IS 10000 (Part 4):1980,IS,10000,4.0,,1980,"IS 10000-4: Methods of Tests for Internal Combustion Engines, Part IV: Declaration of Power, Efficiency, Fuel Consumption and Lubricating Oil Consumption",</b> Transport Engineering<br /><b>,</b> Automotive Primemovers (TED 2)<br /><br /><b>,TED 2,published,,,0,</b> <br /><br /><br /><b>LEGALLY BINDING DOCUMENT</b><br /><br /><i>Step Out From the Old to the New</i>--Jawaharlal Nehru<br /><i>Invent a new India using knowledge.</i>--Satyanarayan Gangaram Pitroda,['ARCHIVE_ORG'],gov.in.is.10000.4.1980,https://archive.org/details/gov.in.is.10000.4.1980,http://creativecommons.org/publicdomain/zero/1.0/,bis_data\archive\text\gov.in.is.10000.4.1980.txt,,True,False,True,
IS|10000|5|None|1980|None,IS|10000|5|None,IS 10000 (Part 5):1980,IS,10000,5.0,,1980,"IS 10000-5: Methods of tests for intrnal combustion engines, Part 5: Preparation for tests and measurements for wear",</b> Transport Engineering<br /><b>,</b> Automotive Primemovers (TED 2)<br /><br /><b>,TED 2,published,,,0,</b> <br /><br /><br /><b>LEGALLY BINDING DOCUMENT</b><br /><br /><i>Step Out From the Old to the New</i>--Jawaharlal Nehru<br /><i>Invent a new India using knowledge.</i>--Satyanarayan Gangaram Pitroda,['ARCHIVE_ORG'],gov.in.is.10000.5.1980,https://archive.org/details/gov.in.is.10000.5.1980,http://creativecommons.org/publicdomain/zero/1.0/,bis_data\archive\text\gov.in.is.10000.5.1980.txt,,True,False,True,
IS|10000|6|None|1980|None,IS|10000|6|None,IS 10000 (Part 6):1980,IS,10000,6.0,,1980,"IS 10000-6: Methods of tests for internal combustion engines, Part 6: Recording of test results",</b> Transport Engineering<br /><b>,</b> Automotive Primemovers (TED 2)<br /><br /><b>,TED 2,published,,,0,</b> <br /><br /><br /><b>LEGALLY BINDING DOCUMENT</b><br /><br /><i>Step Out From the Old to the New</i>--Jawaharlal Nehru<br /><i>Invent a new India using knowledge.</i>--Satyanarayan Gangaram Pitroda,['ARCHIVE_ORG'],gov.in.is.10000.6.1980,https://archive.org/details/gov.in.is.10000.6.1980,http://creativecommons.org/publicdomain/zero/1.0/,bis_data\archive\text\gov.in.is.10000.6.1980.txt,,True,False,True,
IS|10000|7|None|1980|None,IS|10000|7|None,IS 10000 (Part 7):1980,IS,10000,7.0,,1980,"IS 10000-7: Methods of tests for internal combustion engines, Part 7: Governing tests for constant speed engines and selection of engines for use with electrical generators",</b> Transport Engineering<br /><b>,</b> Automotive Primemovers (TED 2)<br /><br /><b>,TED 2,published,,,0,</b> <br /><br /><br /><b>LEGALLY BINDING DOCUMENT</b><br /><br /><i>Step Out From the Old to the New</i>--Jawaharlal Nehru<br /><i>Invent a new India using knowledge.</i>--Satyanarayan Gangaram Pitroda,['ARCHIVE_ORG'],gov.in.is.10000.7.1980,https://archive.org/details/gov.in.is.10000.7.1980,http://creativecommons.org/publicdomain/zero/1.0/,bis_data\archive\text\gov.in.is.10000.7.1980.txt,,True,False,True,
IS|10000|8|None|1980|None,IS|10000|8|None,IS 10000 (Part 8):1980,IS,10000,8.0,,1980,"IS 10000-8: Methods of tests for internal combustion engines, Part 8: Perfornance tests",</b> Transport Engineering<br /><b>,</b> Automotive Primemovers (TED 2)<br /><br /><b>,TED 2,published,,,0,</b> <br /><br /><br /><b>LEGALLY BINDING DOCUMENT</b><br /><br /><i>Step Out From the Old to the New</i>--Jawaharlal Nehru<br /><i>Invent a new India using knowledge.</i>--Satyanarayan Gangaram Pitroda,['ARCHIVE_ORG'],gov.in.is.10000.8.1980,https://archive.org/details/gov.in.is.10000.8.1980,http://creativecommons.org/publicdomain/zero/1.0/,bis_data\archive\text\gov.in.is.10000.8.1980.txt,,True,False,True,
IS|10000|9|None|1980|None,IS|10000|9|None,IS 10000 (Part 9):1980,IS,10000,9.0,,1980,"IS 10000-9: Methods of tests for internal combustion engines, Part 9: Endurance tests",</b> Transport Engineering<br /><b>,</b> Automotive Primemovers (TED 2)<br /><br /><b>,TED 2,published,,,0,</b> <br /><br /><br /><b>LEGALLY BINDING DOCUMENT</b><br /><br /><i>Step Out From the Old to the New</i>--Jawaharlal Nehru<br /><i>Invent a new India using knowledge.</i>--Satyanarayan Gangaram Pitroda,['ARCHIVE_ORG'],gov.in.is.10000.9.1980,https://archive.org/details/gov.in.is.10000.9.1980,http://creativecommons.org/publicdomain/zero/1.0/,bis_data\archive\text\gov.in.is.10000.9.1980.txt,,True,False,True,
IS|10000|10|None|1980|None,IS|10000|10|None,IS 10000 (Part 10):1980,IS,10000,10.0,,1980,"IS 10000-10: Methods of Tests for Internal Combustion Engines, Part 10: Tests for Smoke Levels, Limits and Corrections for Smoke Levels for Variable Speed Compression Ignition Engines",</b> Transport Engineering<br /><b>,</b> Automotive Primemovers (TED 2)<br /><br /><b>,TED 2,published,,,0,</b> <br /><br /><br /><b>LEGALLY BINDING DOCUMENT</b><br /><br /><i>Step Out From the Old to the New</i>--Jawaharlal Nehru<br /><i>Invent a new India using knowledge.</i>--Satyanarayan Gangaram Pitroda,['ARCHIVE_ORG'],gov.in.is.10000.10.1980,https://archive.org/details/gov.in.is.10000.10.1980,http://creativecommons.org/publicdomain/zero/1.0/,bis_data\archive\text\gov.in.is.10000.10.1980.txt,,True,False,True,
IS|10000|11|None|1980|None,IS|10000|11|None,IS 10000 (Part 11):1980,IS,10000,11.0,,1980,"IS 10000-11: Methods of tests for internal combustion engines, Part 11: Information to be supplied by the purchaser to the manufacturer and information to be supplied by the manufactuer alongwith the engine",</b> Transport Engineering<br /><b>,</b> Automotive Primemovers (TED 2)<br /><br /><b>,TED 2,published,,,0,</b> <br /><br /><br /><b>LEGALLY BINDING DOCUMENT</b><br /><br /><i>Step Out From the Old to the New</i>--Jawaharlal Nehru<br /><i>Invent a new India using knowledge.</i>--Satyanarayan Gangaram Pitroda,['ARCHIVE_ORG'],gov.in.is.10000.11.1980,https://archive.org/details/gov.in.is.10000.11.1980,http://creativecommons.org/publicdomain/zero/1.0/,bis_data\archive\text\gov.in.is.10000.11.1980.txt,,True,False,True,
IS|10000|12|None|1980|None,IS|10000|12|None,IS 10000 (Part 12):1980,IS,10000,12.0,,1980,"IS 10000-12: Methods of Tests for Internal Combustion Engines, Part XII: Specimen Test Certificates",</b> Transport Engineering<br /><b>,</b> Automotive Primemovers (TED 2)<br /><br /><b>,TED 2,published,,,0,</b> <br /><br /><br /><b>LEGALLY BINDING DOCUMENT</b><br /><br /><i>Step Out From the Old to the New</i>--Jawaharlal Nehru<br /><i>Invent a new India using knowledge.</i>--Satyanarayan Gangaram Pitroda,['ARCHIVE_ORG'],gov.in.is.10000.12.1980,https://archive.org/details/gov.in.is.10000.12.1980,http://creativecommons.org/publicdomain/zero/1.0/,bis_data\archive\text\gov.in.is.10000.12.1980.txt,,True,False,True,
IS|10000|13|None|2002|None,IS|10000|13|None,IS 10000 (Part 13):2002,IS,10000,13.0,,2002,"IS 10000-13: Methods of Tests for Internal Combustion Engines, Part 13: Recommendations on Nature of Tests Required for Functional Changes in Critical Components",</b> Transport Engineering<br /><b>,</b> Automotive Primemovers (TED 2)<br /><br /><b>,TED 2,published,,,0,</b> <br /><br /><br /><b>LEGALLY BINDING DOCUMENT</b><br /><br /><i>Step Out From the Old to the New</i>--Jawaharlal Nehru<br /><i>Invent a new India using knowledge.</i>--Satyanarayan Gangaram Pitroda,['ARCHIVE_ORG'],gov.in.is.10000.13.2002,https://archive.org/details/gov.in.is.10000.13.2002,http://creativecommons.org/publicdomain/zero/1.0/,bis_data\archive\text\gov.in.is.10000.13.2002.txt,,True,False,True,
IS|10001|None|None|1981|None,IS|10001|None|None,IS 10001:1981,IS,10001,,,1981,IS 10001: Performance requirements for constant speed compression ignition (diesel) engines for general purposes (up to 20 kW),</b> Transport Engineering<br /><b>,</b> Automotive Primemovers (TED 2)<br /><br /><b>,TED 2,published,,,0,</b> <br /><br /><br /><b>LEGALLY BINDING DOCUMENT</b><br /><br /><i>Step Out From the Old to the New</i>--Jawaharlal Nehru<br /><i>Invent a new India using knowledge.</i>--Satyanarayan Gangaram Pitroda,['ARCHIVE_ORG'],gov.in.is.10001.1981,https://archive.org/details/gov.in.is.10001.1981,http://creativecommons.org/publicdomain/zero/1.0/,bis_data\archive\text\gov.in.is.10001.1981.txt,,True,False,True,
IS|10002|None|None|1981|None,IS|10002|None|None,IS 10002:1981,IS,10002,,,1981,IS 10002: Performance Requirements for Constant Speed Compression Ignition (Diesel) Engines for General Purposes (Above 20 kW),</b> Transport Engineering<br /><b>,</b> Automotive Primemovers (TED 2)<br /><br /><b>,TED 2,published,,,0,</b> <br /><br /><br /><b>LEGALLY BINDING DOCUMENT</b><br /><br /><i>Step Out From the Old to the New</i>--Jawaharlal Nehru<br /><i>Invent a new India using knowledge.</i>--Satyanarayan Gangaram Pitroda,['ARCHIVE_ORG'],gov.in.is.10002.1981,https://archive.org/details/gov.in.is.10002.1981,http://creativecommons.org/publicdomain/zero/1.0/,bis_data\archive\text\gov.in.is.10002.1981.txt,,True,False,True,
IS|10005|None|None|1994|None,IS|10005|None|None,IS 10005:1994,IS,10005,,,1994,IS 10005: SI Units and Recommendations for the Use of their Multiples and of Certain Other Units,</b> Management and Systems<br /><b>,</b> Social Responsibility (MSD 10)<br /><br /><b>,MSD 10,published,,,0,"</b> <br /><br /><br /><b>LEGALLY BINDING DOCUMENT</b><br /><br /><i>Step Out From the Old to the New</i>--Jawaharlal Nehru<br /><i>Invent a new India using knowledge.</i>--Satyanarayan Gangaram Pitroda <p><br /><br /><b style=""color:#FF0000;"">ATTENTION!</b> This standard, Indian Standard IS 10005:1994, has been declared to be <b>WITHDRAWN</b> is thus no longer active.  Superceding standard: IS/ISO 80000-2 : 2009.</p>",['ARCHIVE_ORG'],gov.in.is.10005.1994,https://archive.org/details/gov.in.is.10005.1994,http://creativecommons.org/publicdomain/zero/1.0/,bis_data\archive\text\gov.in.is.10005.1994.txt,,True,False,True,
IS|10006|None|None|1981|None,IS|10006|None|None,IS 10006:1981,IS,10006,,,1981,IS 10006: Grading for Nahor Kernels for Oil Milling,</b> Food and Agriculture<br /><b>,</b> Oils and Oilseeds (FAD 13)<br /><br /><b>,FAD 13,published,,,0,"</b> <br /><br /><br /><b>LEGALLY BINDING DOCUMENT</b><br /><br /><i>Step Out From the Old to the New</i>--Jawaharlal Nehru<br /><i>Invent a new India using knowledge.</i>--Satyanarayan Gangaram Pitroda <br /><br /><p><b style=""color:#FF0000;"">ATTENTION!</b> This standard, Indian Standard IS 10006:1981, has been declared to be <b>WITHDRAWN</b> is thus no longer active.  Superceding standard: .</p>",['ARCHIVE_ORG'],gov.in.is.10006.1981,https://archive.org/details/gov.in.is.10006.1981,http://creativecommons.org/publicdomain/zero/1.0/,bis_data\archive\text\gov.in.is.10006.1981.txt,,True,False,True,
IS|10007|None|None|1981|None,IS|10007|None|None,IS 10007:1981,IS,10007,,,1981,IS 10007: Lifeboats' Steel Blocks,</b> Transport Engineering<br /><b>,</b> Marine Engineering and Safety Aids (TED 19)<br /><br /><b>,TED 19,published,,,0,</b> <br /><br /><br /><b>LEGALLY BINDING DOCUMENT</b><br /><br /><i>Step Out From the Old to the New</i>--Jawaharlal Nehru<br /><i>Invent a new India using knowledge.</i>--Satyanarayan Gangaram Pitroda,['ARCHIVE_ORG'],gov.in.is.10007.1981,https://archive.org/details/gov.in.is.10007.1981,http://creativecommons.org/publicdomain/zero/1.0/,bis_data\archive\text\gov.in.is.10007.1981.txt,,True,False,True,
IS|10008|None|None|1992|None,IS|10008|None|None,IS 10008:1992,IS,10008,,,1992,IS 10008: Beater addition jointings - Specification,</b> Mechanical Engineering<br /><b>,</b> Gaskets and Packing (MED 30)<br /><br /><b>,MED 30,published,,,0,</b> <br /><br /><br /><b>LEGALLY BINDING DOCUMENT</b><br /><br /><i>Step Out From the Old to the New</i>--Jawaharlal Nehru<br /><i>Invent a new India using knowledge.</i>--Satyanarayan Gangaram Pitroda,['ARCHIVE_ORG'],gov.in.is.10008.1992,https://archive.org/details/gov.in.is.10008.1992,http://creativecommons.org/publicdomain/zero/1.0/,bis_data\archive\text\gov.in.is.10008.1992.txt,,True,False,True,
IS|10009|None|None|1981|None,IS|10009|None|None,IS 10009:1981,IS,10009,,,1981,"IS 10009: Breaker and Holder, Razor Blade, Barraquer's Pattern",</b> Medical Equipment and Hospital Planning<br /><b>,</b> Ophthalmic Instruments and Appliances (MHD 5)<br /><br /><b>,MHD 5,published,,,0,</b> <br /><br /><br /><b>LEGALLY BINDING DOCUMENT</b><br /><br /><i>Step Out From the Old to the New</i>--Jawaharlal Nehru<br /><i>Invent a new India using knowledge.</i>--Satyanarayan Gangaram Pitroda,['ARCHIVE_ORG'],gov.in.is.10009.1981,https://archive.org/details/gov.in.is.10009.1981,http://creativecommons.org/publicdomain/zero/1.0/,bis_data\archive\text\gov.in.is.10009.1981.txt,,True,False,True,
IS|10010|None|None|1981|None,IS|10010|None|None,IS 10010:1981,IS,10010,,,1981,IS 10010: Method for evaluation of strength and shade of pigment dispersion by printing method,</b> Textiles<br /><b>,</b> Textile Sizing and Finishing Materials (TXD 7)<br /><br /><b>,TXD 7,published,,,0,</b> <br /><br /><br /><b>LEGALLY BINDING DOCUMENT</b><br /><br /><i>Step Out From the Old to the New</i>--Jawaharlal Nehru<br /><i>Invent a new India using knowledge.</i>--Satyanarayan Gangaram Pitroda,['ARCHIVE_ORG'],gov.in.is.10010.1981,https://archive.org/details/gov.in.is.10010.1981,http://creativecommons.org/publicdomain/zero/1.0/,bis_data\archive\text\gov.in.is.10010.1981.txt,,True,False,False,IS 10010:2022
IS|10010|None|None|2022|None,IS|10010|None|None,IS 10010:2022,IS,10010,,,2022,IS 10010 : 2022: Textile Dyestuffs-Method for Evaluation of Strength and Shade of Pigment Dispersion by Printing Method,,,,published,,,0,,['ARCHIVE_ORG'],gov.in.is.10010.2022,https://archive.org/details/gov.in.is.10010.2022,,bis_data\archive\text\gov.in.is.10010.2022.txt,,True,False,True,
IS|10011|None|None|1981|None,IS|10011|None|None,IS 10011:1981,IS,10011,,,1981,IS 10011: Resin-based Dental Filling Materials,</b> Medical Equipment and Hospital Planning<br /><b>,</b> Dentistry (MHD 8)<br /><br /><b>,MHD 8,published,,,0,</b> <br /><br /><br /><b>LEGALLY BINDING DOCUMENT</b><br /><br /><i>Step Out From the Old to the New</i>--Jawaharlal Nehru<br /><i>Invent a new India using knowledge.</i>--Satyanarayan Gangaram Pitroda,['ARCHIVE_ORG'],gov.in.is.10011.1981,https://archive.org/details/gov.in.is.10011.1981,http://creativecommons.org/publicdomain/zero/1.0/,bis_data\archive\text\gov.in.is.10011.1981.txt,,True,False,True,
IS|10012|None|None|1981|None,IS|10012|None|None,IS 10012:1981,IS,10012,,,1981,IS 10012: Dental Zinc Oxide/Eugenol Filling Materials,</b> Medical Equipment and Hospital Planning<br /><b>,</b> Dentistry (MHD 8)<br /><br /><b>,MHD 8,published,,,0,</b> <br /><br /><br /><b>LEGALLY BINDING DOCUMENT</b><br /><br /><i>Step Out From the Old to the New</i>--Jawaharlal Nehru<br /><i>Invent a new India using knowledge.</i>--Satyanarayan Gangaram Pitroda,['ARCHIVE_ORG'],gov.in.is.10012.1981,https://archive.org/details/gov.in.is.10012.1981,http://creativecommons.org/publicdomain/zero/1.0/,bis_data\archive\text\gov.in.is.10012.1981.txt,,True,False,True,
IS|10013|1|None|1981|None,IS|10013|1|None,IS 10013 (Part 1):1981,IS,10013,1.0,,1981,"IS 10013-1: water soluble type wood preservatives, Part 1: Acid-copper-chrome (ACC) preservative",</b> Civil Engineering<br /><b>,</b> Timber and Timber Stores (CED 9)<br /><br /><b>,CED 9,published,,,0,</b> <br /><br /><br /><b>LEGALLY BINDING DOCUMENT</b><br /><br /><i>Step Out From the Old to the New</i>--Jawaharlal Nehru<br /><i>Invent a new India using knowledge.</i>--Satyanarayan Gangaram Pitroda,['ARCHIVE_ORG'],gov.in.is.10013.1.1981,https://archive.org/details/gov.in.is.10013.1.1981,http://creativecommons.org/publicdomain/zero/1.0/,bis_data\archive\text\gov.in.is.10013.1.1981.txt,,True,False,True,
IS|10013|2|None|1981|None,IS|10013|2|None,IS 10013 (Part 2):1981,IS,10013,2.0,,1981,"IS 10013-2: water soluble type wood preservatives, Part 2: Copper-chrome-arsenic (CCA) wood preservative",</b> Civil Engineering<br /><b>,</b> Timber and Timber Stores (CED 9)<br /><br /><b>,CED 9,published,,,0,</b> <br /><br /><br /><b>LEGALLY BINDING DOCUMENT</b><br /><br /><i>Step Out From the Old to the New</i>--Jawaharlal Nehru<br /><i>Invent a new India using knowledge.</i>--Satyanarayan Gangaram Pitroda,['ARCHIVE_ORG'],gov.in.is.10013.2.1981,https://archive.org/details/gov.in.is.10013.2.1981,http://creativecommons.org/publicdomain/zero/1.0/,bis_data\archive\text\gov.in.is.10013.2.1981.txt,,True,False,True,
IS|10013|3|None|1981|None,IS|10013|3|None,IS 10013 (Part 3):1981,IS,10013,3.0,,1981,"IS 10013-3: water soluble type wood preservatives, Part 3: Copper-chrome-boron (CCB) wood preservative",</b> Civil Engineering<br /><b>,</b> Timber and Timber Stores (CED 9)<br /><br /><b>,CED 9,published,,,0,</b> <br /><br /><br /><b>LEGALLY BINDING DOCUMENT</b><br /><br /><i>Step Out From the Old to the New</i>--Jawaharlal Nehru<br /><i>Invent a new India using knowledge.</i>--Satyanarayan Gangaram Pitroda,['ARCHIVE_ORG'],gov.in.is.10013.3.1981,https://archive.org/details/gov.in.is.10013.3.1981,http://creativecommons.org/publicdomain/zero/1.0/,bis_data\archive\text\gov.in.is.10013.3.1981.txt,,True,False,True,
IS|10014|1|None|1984|None,IS|10014|1|None,IS 10014 (Part 1):1984,IS,10014,1.0,,1984,"IS 10014-1: METHODS OF TESTS FOR MAN-MADE STAPLE FIBRES, PART 1: DETERMINATION OF LENGTH",</b> Textiles<br /><b>,</b> Physical Methods of Tests (TXD 1)<br /><br /><b>,TXD 1,published,,,0,</b> <br /><br /><br /><b>LEGALLY BINDING DOCUMENT</b><br /><br /><i>Step Out From the Old to the New</i>--Jawaharlal Nehru<br /><i>Invent a new India using knowledge.</i>--Satyanarayan Gangaram Pitroda,['ARCHIVE_ORG'],gov.in.is.10014.1.1984,https://archive.org/details/gov.in.is.10014.1.1984,http://creativecommons.org/publicdomain/zero/1.0/,bis_data\archive\text\gov.in.is.10014.1.1984.txt,,True,False,True,
IS|10014|2|None|1981|None,IS|10014|2|None,IS 10014 (Part 2):1981,IS,10014,2.0,,1981,"IS 10014-2: Methods of Tests for Man - Made Staple Fibres, Part 2: Determination of Linear Density",</b> Textiles<br /><b>,</b> Physical Methods of Tests (TXD 1)<br /><br /><b>,TXD 1,published,,,0,</b> <br /><br /><br /><b>LEGALLY BINDING DOCUMENT</b><br /><br /><i>Step Out From the Old to the New</i>--Jawaharlal Nehru<br /><i>Invent a new India using knowledge.</i>--Satyanarayan Gangaram Pitroda,['ARCHIVE_ORG'],gov.in.is.10014.2.1981,https://archive.org/details/gov.in.is.10014.2.1981,http://creativecommons.org/publicdomain/zero/1.0/,bis_data\archive\text\gov.in.is.10014.2.1981.txt,,True,False,True,
IS|10016|1|None|1981|None,IS|10016|1|None,IS 10016 (Part 1):1981,IS,10016,1.0,,1981,"IS 10016-1: Methods of Test for Polybutadiene Rubbers, Part 1: Method of Taking Out Test Portions from Sample Bales","</b> Petroleum, Coal, and Related Products<br /><b>",</b> Rubber and Rubber Products (PCD 13)<br /><br /><b>,PCD 13,published,,,0,</b> <br /><br /><br /><b>LEGALLY BINDING DOCUMENT</b><br /><br /><i>Step Out From the Old to the New</i>--Jawaharlal Nehru<br /><i>Invent a new India using knowledge.</i>--Satyanarayan Gangaram Pitroda,['ARCHIVE_ORG'],gov.in.is.10016.1.1981,https://archive.org/details/gov.in.is.10016.1.1981,http://creativecommons.org/publicdomain/zero/1.0/,bis_data\archive\text\gov.in.is.10016.1.1981.txt,,True,False,True,
IS|10016|2|None|1984|None,IS|10016|2|None,IS 10016 (Part 2):1984,IS,10016,2.0,,1984,"IS 10016-2: Methods of test for polybutadiene rubbers, Part 2: Determination of ash","</b> Petroleum, Coal, and Related Products<br /><b>",</b> Rubber and Rubber Products (PCD 13)<br /><br /><b>,PCD 13,published,,,0,</b> <br /><br /><br /><b>LEGALLY BINDING DOCUMENT</b><br /><br /><i>Step Out From the Old to the New</i>--Jawaharlal Nehru<br /><i>Invent a new India using knowledge.</i>--Satyanarayan Gangaram Pitroda,['ARCHIVE_ORG'],gov.in.is.10016.2.1984,https://archive.org/details/gov.in.is.10016.2.1984,http://creativecommons.org/publicdomain/zero/1.0/,bis_data\archive\text\gov.in.is.10016.2.1984.txt,,True,False,True,
IS|10016|4|None|1984|None,IS|10016|4|None,IS 10016 (Part 4):1984,IS,10016,4.0,,1984,"IS 10016-4: Methods of Test for Polybutadiene Rubbers, Part 4: Determination of CIS, Trans and Vinyl Structure","</b> Petroleum, Coal, and Related Products<br /><b>",</b> Rubber and Rubber Products (PCD 13)<br /><br /><b>,PCD 13,published,,,0,</b> <br /><br /><br /><b>LEGALLY BINDING DOCUMENT</b><br /><br /><i>Step Out From the Old to the New</i>--Jawaharlal Nehru<br /><i>Invent a new India using knowledge.</i>--Satyanarayan Gangaram Pitroda,['ARCHIVE_ORG'],gov.in.is.10016.4.1984,https://archive.org/details/gov.in.is.10016.4.1984,http://creativecommons.org/publicdomain/zero/1.0/,bis_data\archive\text\gov.in.is.10016.4.1984.txt,,True,False,True,
IS|10016|5|None|1981|None,IS|10016|5|None,IS 10016 (Part 5):1981,IS,10016,5.0,,1981,"IS 10016-5: Methods of test for polybutadiene rubbers, Part 5: Determination of gel content","</b> Petroleum, Coal, and Related Products<br /><b>",</b> Rubber and Rubber Products (PCD 13)<br /><br /><b>,PCD 13,published,,,0,</b> <br /><br /><br /><b>LEGALLY BINDING DOCUMENT</b><br /><br /><i>Step Out From the Old to the New</i>--Jawaharlal Nehru<br /><i>Invent a new India using knowledge.</i>--Satyanarayan Gangaram Pitroda,['ARCHIVE_ORG'],gov.in.is.10016.5.1981,https://archive.org/details/gov.in.is.10016.5.1981,http://creativecommons.org/publicdomain/zero/1.0/,bis_data\archive\text\gov.in.is.10016.5.1981.txt,,True,False,True,
IS|10016|6|None|2000|None,IS|10016|6|None,IS 10016 (Part 6):2000,IS,10016,6.0,,2000,"IS 10016-6: Methods of Test for Polybutadiene Rubbers, Part 6: Evaluation of Vulcanization Characteristics of Polybutadiene Rubbers (BR : 2)","</b> Petroleum, Coal, and Related Products<br /><b>",</b> Rubber and Rubber Products (PCD 13)<br /><br /><b>,PCD 13,published,,,0,</b> <br /><br /><br /><b>LEGALLY BINDING DOCUMENT</b><br /><br /><i>Step Out From the Old to the New</i>--Jawaharlal Nehru<br /><i>Invent a new India using knowledge.</i>--Satyanarayan Gangaram Pitroda,['ARCHIVE_ORG'],gov.in.is.10016.6.2000,https://archive.org/details/gov.in.is.10016.6.2000,http://creativecommons.org/publicdomain/zero/1.0/,bis_data\archive\text\gov.in.is.10016.6.2000.txt,,True,False,True,
IS|10017|None|None|1981|None,IS|10017|None|None,IS 10017:1981,IS,10017,,,1981,IS 10017: Code of practice for construction of cocoa beans storage structures,</b> Food and Agriculture<br /><b>,</b> Stimulant Foods (FAD 6)<br /><br /><b>,FAD 6,published,,,0,</b> <br /><br /><br /><b>LEGALLY BINDING DOCUMENT</b><br /><br /><i>Step Out From the Old to the New</i>--Jawaharlal Nehru<br /><i>Invent a new India using knowledge.</i>--Satyanarayan Gangaram Pitroda,['ARCHIVE_ORG'],gov.in.is.10017.1981,https://archive.org/details/gov.in.is.10017.1981,http://creativecommons.org/publicdomain/zero/1.0/,bis_data\archive\text\gov.in.is.10017.1981.txt,,True,False,True,
IS|10018|None|None|1981|None,IS|10018|None|None,IS 10018:1981,IS,10018,,,1981,"IS 10018: Lacquer, cellulose, nitrate, clear, finishing, glossy for wood",</b> Chemical<br /><b>,"</b> Paints, Varnishes and Related Products (CHD 20)<br /><br /><b>",CHD 20,published,,,0,</b> <br /><br /><br /><b>LEGALLY BINDING DOCUMENT</b><br /><br /><i>Step Out From the Old to the New</i>--Jawaharlal Nehru<br /><i>Invent a new India using knowledge.</i>--Satyanarayan Gangaram Pitroda,['ARCHIVE_ORG'],gov.in.is.10018.1981,https://archive.org/details/gov.in.is.10018.1981,http://creativecommons.org/publicdomain/zero/1.0/,bis_data\archive\text\gov.in.is.10018.1981.txt,,True,False,True,
IS|10019|None|None|1981|None,IS|10019|None|None,IS 10019:1981,IS,10019,,,1981,IS 10019: Specification for mild steel stays and fasteners,</b> Civil Engineering<br /><b>,</b> Builder Hardware (CED 15)<br /><br /><b>,CED 15,published,,,0,</b> <br /><br /><br /><b>LEGALLY BINDING DOCUMENT</b><br /><br /><i>Step Out From the Old to the New</i>--Jawaharlal Nehru<br /><i>Invent a new India using knowledge.</i>--Satyanarayan Gangaram Pitroda,['ARCHIVE_ORG'],gov.in.is.10019.1981,https://archive.org/details/gov.in.is.10019.1981,http://creativecommons.org/publicdomain/zero/1.0/,bis_data\archive\text\gov.in.is.10019.1981.txt,,True,False,True,
IS|10020|4|None|1981|None,IS|10020|4|None,IS 10020 (Part 4):1981,IS,10020,4.0,,1981,"IS 10020-4: Recommendations for design and construction of port and harbour components, Part 4: Slipways",</b> Civil Engineering<br /><b>,</b> Ports and  Harbours (CED 47)<br /><br /><b>,CED 47,published,,,0,</b> <br /><br /><br /><b>LEGALLY BINDING DOCUMENT</b><br /><br /><i>Step Out From the Old to the New</i>--Jawaharlal Nehru<br /><i>Invent a new India using knowledge.</i>--Satyanarayan Gangaram Pitroda,['ARCHIVE_ORG'],gov.in.is.10020.4.1981,https://archive.org/details/gov.in.is.10020.4.1981,http://creativecommons.org/publicdomain/zero/1.0/,bis_data\archive\text\gov.in.is.10020.4.1981.txt,,True,False,True,
IS|10021|None|None|2000|None,IS|10021|None|None,IS 10021:2000,IS,10021,,,2000,IS 10021: Guidelines for De-icing System for Hydraulic Installations,</b> Water Resources<br /><b>,</b> Hydraulic Gates and Valves (WRD 12)<br /><br /><b>,WRD 12,published,,,0,</b> <br /><br /><br /><b>LEGALLY BINDING DOCUMENT</b><br /><br /><i>Step Out From the Old to the New</i>--Jawaharlal Nehru<br /><i>Invent a new India using knowledge.</i>--Satyanarayan Gangaram Pitroda,['ARCHIVE_ORG'],gov.in.is.10021.2000,https://archive.org/details/gov.in.is.10021.2000,http://creativecommons.org/publicdomain/zero/1.0/,bis_data\archive\text\gov.in.is.10021.2000.txt,,True,False,True,
IS|10022|None|None|1981|None,IS|10022|None|None,IS 10022:1981,IS,10022,,,1981,IS 10022: Open Ended Cogged V-Belting,</b> Production and General Engineering<br /><b>,"</b> Bolts, Nuts and Fasteners Accessories (PGD 31)<br /><br /><b>",PGD 31,published,,,0,</b> <br /><br /><br /><b>LEGALLY BINDING DOCUMENT</b><br /><br /><i>Step Out From the Old to the New</i>--Jawaharlal Nehru<br /><i>Invent a new India using knowledge.</i>--Satyanarayan Gangaram Pitroda,['ARCHIVE_ORG'],gov.in.is.10022.1981,https://archive.org/details/gov.in.is.10022.1981,http://creativecommons.org/publicdomain/zero/1.0/,bis_data\archive\text\gov.in.is.10022.1981.txt,,True,False,True,
IS|10023|None|None|1981|None,IS|10023|None|None,IS 10023:1981,IS,10023,,,1981,IS 10023: ascenders for mountaineering,</b> Production and General Engineering<br /><b>,</b> Mountaineering Equipment (PGD 27)<br /><br /><b>,PGD 27,published,,,0,</b> <br /><br /><br /><b>LEGALLY BINDING DOCUMENT</b><br /><br /><i>Step Out From the Old to the New</i>--Jawaharlal Nehru<br /><i>Invent a new India using knowledge.</i>--Satyanarayan Gangaram Pitroda,['ARCHIVE_ORG'],gov.in.is.10023.1981,https://archive.org/details/gov.in.is.10023.1981,http://creativecommons.org/publicdomain/zero/1.0/,bis_data\archive\text\gov.in.is.10023.1981.txt,,True,False,True,
IS|10025|None|None|1981|None,IS|10025|None|None,IS 10025:1981,IS,10025,,,1981,IS 10025: Polish liquid (white) for canvas footwear,</b> Chemical<br /><b>,"</b> Lac, Lac Products and Polishes (CHD 23)<br /><br /><b>",CHD 23,published,,,0,</b> <br /><br /><br /><b>LEGALLY BINDING DOCUMENT</b><br /><br /><i>Step Out From the Old to the New</i>--Jawaharlal Nehru<br /><i>Invent a new India using knowledge.</i>--Satyanarayan Gangaram Pitroda,['ARCHIVE_ORG'],gov.in.is.10025.1981,https://archive.org/details/gov.in.is.10025.1981,http://creativecommons.org/publicdomain/zero/1.0/,bis_data\archive\text\gov.in.is.10025.1981.txt,,True,False,True,
IS|10026|1|None|1998|None,IS|10026|1|None,IS 10026 (Part 1):1998,IS,10026,1.0,,1998,"IS 10026-1: Insulating varnishes containing solvents, Part 1: Definitions and general requirements",</b> Electrotechnical<br /><b>,</b> Solid Electrical Insulating Materials and Insulation Systems (ETD 2)<br /><br /><b>,ETD 2,published,,,0,</b> <br /><br /><br /><b>LEGALLY BINDING DOCUMENT</b><br /><br /><i>Step Out From the Old to the New</i>--Jawaharlal Nehru<br /><i>Invent a new India using knowledge.</i>--Satyanarayan Gangaram Pitroda,['ARCHIVE_ORG'],gov.in.is.10026.1.1998,https://archive.org/details/gov.in.is.10026.1.1998,http://creativecommons.org/publicdomain/zero/1.0/,bis_data\archive\text\gov.in.is.10026.1.1998.txt,,True,False,True,
IS|10026|2|None|1999|None,IS|10026|2|None,IS 10026 (Part 2):1999,IS,10026,2.0,,1999,"IS 10026-2: Insulating Varnishes Containing Solvents, Part 2: Methods of Tests",</b> Electrotechnical<br /><b>,</b> Solid Electrical Insulating Materials and Insulation Systems (ETD 2)<br /><br /><b>,ETD 2,published,,,0,</b> <br /><br /><br /><b>LEGALLY BINDING DOCUMENT</b><br /><br /><i>Step Out From the Old to the New</i>--Jawaharlal Nehru<br /><i>Invent a new India using knowledge.</i>--Satyanarayan Gangaram Pitroda,['ARCHIVE_ORG'],gov.in.is.10026.2.1999,https://archive.org/details/gov.in.is.10026.2.1999,http://creativecommons.org/publicdomain/zero/1.0/,bis_data\archive\text\gov.in.is.10026.2.1999.txt,,True,False,True,
IS|10026|3|1|1999|None,IS|10026|3|1,IS 10026 (Part 3 / Section 1):1999,IS,10026,3.0,1.0,1999,"IS 10026-3-1: Insulating Varnishes Containing Solvents, Part 3: Specifications for Individual Materials, Section 1: Requirements for Cold Curing Finishing Varnis",</b> Electrotechnical<br /><b>,</b> Solid Electrical Insulating Materials and Insulation Systems (ETD 2)<br /><br /><b>,ETD 2,published,,,0,</b> <br /><br /><br /><b>LEGALLY BINDING DOCUMENT</b><br /><br /><i>Step Out From the Old to the New</i>--Jawaharlal Nehru<br /><i>Invent a new India using knowledge.</i>--Satyanarayan Gangaram Pitroda,['ARCHIVE_ORG'],gov.in.is.10026.3.1.1999,https://archive.org/details/gov.in.is.10026.3.1.1999,http://creativecommons.org/publicdomain/zero/1.0/,bis_data\archive\text\gov.in.is.10026.3.1.1999.txt,,True,False,True,
IS|10026|3|2|1999|None,IS|10026|3|2,IS 10026 (Part 3 / Section 2):1999,IS,10026,3.0,2.0,1999,"IS 10026-3-2: Insulating varnishes containing solvents, Part 3: Specifications for individual materials, Section 2: Requirements for Hot Curing Varnishes",</b> Electrotechnical<br /><b>,</b> Solid Electrical Insulating Materials and Insulation Systems (ETD 2)<br /><br /><b>,ETD 2,published,,,0,</b> <br /><br /><br /><b>LEGALLY BINDING DOCUMENT</b><br /><br /><i>Step Out From the Old to the New</i>--Jawaharlal Nehru<br /><i>Invent a new India using knowledge.</i>--Satyanarayan Gangaram Pitroda,['ARCHIVE_ORG'],gov.in.is.10026.3.2.1999,https://archive.org/details/gov.in.is.10026.3.2.1999,http://creativecommons.org/publicdomain/zero/1.0/,bis_data\archive\text\gov.in.is.10026.3.2.1999.txt,,True,False,True,
IS|10026|3|3|1983|None,IS|10026|3|3,IS 10026 (Part 3 / Section 3):1983,IS,10026,3.0,3.0,1983,"IS 10026-3-3: Insulating Varnishes Containing Solvents, Part 3: Specifications for Individual Materials, Section 3: Air Drying Varnishes with Temperature Index 130",</b> Electrotechnical<br /><b>,</b> Solid Electrical Insulating Materials and Insulation Systems (ETD 2)<br /><br /><b>,ETD 2,published,,,0,</b> <br /><br /><br /><b>LEGALLY BINDING DOCUMENT</b><br /><br /><i>Step Out From the Old to the New</i>--Jawaharlal Nehru<br /><i>Invent a new India using knowledge.</i>--Satyanarayan Gangaram Pitroda,['ARCHIVE_ORG'],gov.in.is.10026.3.3.1983,https://archive.org/details/gov.in.is.10026.3.3.1983,http://creativecommons.org/publicdomain/zero/1.0/,bis_data\archive\text\gov.in.is.10026.3.3.1983.txt,,True,False,True,
IS|10026|3|4|1983|None,IS|10026|3|4,IS 10026 (Part 3 / Section 4):1983,IS,10026,3.0,4.0,1983,"IS 10026-3-4: Insulating varnishes containing solvents, Part 3: Specifications for individual materials, Section 4: Baking varnishes with temperature index 120",</b> Electrotechnical<br /><b>,</b> Solid Electrical Insulating Materials and Insulation Systems (ETD 2)<br /><br /><b>,ETD 2,published,,,0,</b> <br /><br /><br /><b>LEGALLY BINDING DOCUMENT</b><br /><br /><i>Step Out From the Old to the New</i>--Jawaharlal Nehru<br /><i>Invent a new India using knowledge.</i>--Satyanarayan Gangaram Pitroda,['ARCHIVE_ORG'],gov.in.is.10026.3.4.1983,https://archive.org/details/gov.in.is.10026.3.4.1983,http://creativecommons.org/publicdomain/zero/1.0/,bis_data\archive\text\gov.in.is.10026.3.4.1983.txt,,True,False,True,
IS|10026|3|5|1983|None,IS|10026|3|5,IS 10026 (Part 3 / Section 5):1983,IS,10026,3.0,5.0,1983,"IS 10026-3-5: Insulating varnishes containing solvents, Part 3: Specifications for individual materials, Section 5: Baking varnishes with temperature index 130",</b> Electrotechnical<br /><b>,</b> Solid Electrical Insulating Materials and Insulation Systems (ETD 2)<br /><br /><b>,ETD 2,published,,,0,</b> <br /><br /><br /><b>LEGALLY BINDING DOCUMENT</b><br /><br /><i>Step Out From the Old to the New</i>--Jawaharlal Nehru<br /><i>Invent a new India using knowledge.</i>--Satyanarayan Gangaram Pitroda,['ARCHIVE_ORG'],gov.in.is.10026.3.5.1983,https://archive.org/details/gov.in.is.10026.3.5.1983,http://creativecommons.org/publicdomain/zero/1.0/,bis_data\archive\text\gov.in.is.10026.3.5.1983.txt,,True,False,True,
IS|10026|3|6|1983|None,IS|10026|3|6,IS 10026 (Part 3 / Section 6):1983,IS,10026,3.0,6.0,1983,"IS 10026-3-6: Insulating Varnishes Containing Solvents, Part 3: Specifications for Individual Materials, Section 6: Baking Varnishes with Temperature Index 155",</b> Electrotechnical<br /><b>,</b> Solid Electrical Insulating Materials and Insulation Systems (ETD 2)<br /><br /><b>,ETD 2,published,,,0,</b> <br /><br /><br /><b>LEGALLY BINDING DOCUMENT</b><br /><br /><i>Step Out From the Old to the New</i>--Jawaharlal Nehru<br /><i>Invent a new India using knowledge.</i>--Satyanarayan Gangaram Pitroda,['ARCHIVE_ORG'],gov.in.is.10026.3.6.1983,https://archive.org/details/gov.in.is.10026.3.6.1983,http://creativecommons.org/publicdomain/zero/1.0/,bis_data\archive\text\gov.in.is.10026.3.6.1983.txt,,True,False,True,
IS|10026|3|7|1983|None,IS|10026|3|7,IS 10026 (Part 3 / Section 7):1983,IS,10026,3.0,7.0,1983,"IS 10026-3-7: Insulating varnishes containing solvents, Part 3: Specifications for individual materials, Section 7: Baking varnishes with temperature index 180",</b> Electrotechnical<br /><b>,</b> Solid Electrical Insulating Materials and Insulation Systems (ETD 2)<br /><br /><b>,ETD 2,published,,,0,</b> <br /><br /><br /><b>LEGALLY BINDING DOCUMENT</b><br /><br /><i>Step Out From the Old to the New</i>--Jawaharlal Nehru<br /><i>Invent a new India using knowledge.</i>--Satyanarayan Gangaram Pitroda,['ARCHIVE_ORG'],gov.in.is.10026.3.7.1983,https://archive.org/details/gov.in.is.10026.3.7.1983,http://creativecommons.org/publicdomain/zero/1.0/,bis_data\archive\text\gov.in.is.10026.3.7.1983.txt,,True,False,True,
IS|10026|3|8|1986|None,IS|10026|3|8,IS 10026 (Part 3 / Section 8):1986,IS,10026,3.0,8.0,1986,"IS 10026-3-8: Insulating varnishes containing solvents, Part 3: Specifications for individual materials, Section 8: Baking varnishes with temperature index 200",</b> Electrotechnical<br /><b>,</b> Solid Electrical Insulating Materials and Insulation Systems (ETD 2)<br /><br /><b>,ETD 2,published,,,0,</b> <br /><br /><br /><b>LEGALLY BINDING DOCUMENT</b><br /><br /><i>Step Out From the Old to the New</i>--Jawaharlal Nehru<br /><i>Invent a new India using knowledge.</i>--Satyanarayan Gangaram Pitroda,['ARCHIVE_ORG'],gov.in.is.10026.3.8.1986,https://archive.org/details/gov.in.is.10026.3.8.1986,http://creativecommons.org/publicdomain/zero/1.0/,bis_data\archive\text\gov.in.is.10026.3.8.1986.txt,,True,False,True,
IS|10026|3|9|1986|None,IS|10026|3|9,IS 10026 (Part 3 / Section 9):1986,IS,10026,3.0,9.0,1986,"IS 10026-3-9: Insulating varnishes containing solvents, Part 3: Specifications for individual materials, Section 9: Baking varnishes with temperature index 130 for magnetic core sheets",</b> Electrotechnical<br /><b>,</b> Solid Electrical Insulating Materials and Insulation Systems (ETD 2)<br /><br /><b>,ETD 2,published,,,0,</b> <br /><br /><br /><b>LEGALLY BINDING DOCUMENT</b><br /><br /><i>Step Out From the Old to the New</i>--Jawaharlal Nehru<br /><i>Invent a new India using knowledge.</i>--Satyanarayan Gangaram Pitroda,['ARCHIVE_ORG'],gov.in.is.10026.3.9.1986,https://archive.org/details/gov.in.is.10026.3.9.1986,http://creativecommons.org/publicdomain/zero/1.0/,bis_data\archive\text\gov.in.is.10026.3.9.1986.txt,,True,False,True,
IS|10027|None|None|2000|None,IS|10027|None|None,IS 10027:2000,IS,10027,,,2000,IS 10027: Composite Units of Air-break Switches and Rewirable Type Fuses for Voltages Not Exceeding 650 V a.c.,</b> Electrotechnical<br /><b>,</b> Low Voltage Switchgear and Controlgear (ETD 7)<br /><br /><b>,ETD 7,published,,,0,</b> <br /><br /><br /><b>LEGALLY BINDING DOCUMENT</b><br /><br /><i>Step Out From the Old to the New</i>--Jawaharlal Nehru<br /><i>Invent a new India using knowledge.</i>--Satyanarayan Gangaram Pitroda,['ARCHIVE_ORG'],gov.in.is.10027.2000,https://archive.org/details/gov.in.is.10027.2000,http://creativecommons.org/publicdomain/zero/1.0/,bis_data\archive\text\gov.in.is.10027.2000.txt,,True,False,False,IS 10027:2018
IS|10027|None|None|2018|None,IS|10027|None|None,IS 10027:2018,IS,10027,,,2018,IS 10027 : 2018: Composite Units of Air-Break Switches and Rewirable Type  Fuses for Voltages Not Exceeding 650 V a.c. — Specification ( Second Revision ),,,,published,,,0,,['ARCHIVE_ORG'],gov.in.is.10027.2018,https://archive.org/details/gov.in.is.10027.2018,,bis_data\archive\text\gov.in.is.10027.2018.txt,,True,False,True,
IS|10028|1|None|1985|None,IS|10028|1|None,IS 10028 (Part 1):1985,IS,10028,1.0,,1985,"IS 10028-1: Code of Practice for Selection, Installation and Maintenance of Transformers, Part 1: Selection",</b> Electrotechnical<br /><b>,</b> Transformers (ETD 16)<br /><br /><b>,ETD 16,published,,,0,</b> <br /><br /><br /><b>LEGALLY BINDING DOCUMENT</b><br /><br /><i>Step Out From the Old to the New</i>--Jawaharlal Nehru<br /><i>Invent a new India using knowledge.</i>--Satyanarayan Gangaram Pitroda,['ARCHIVE_ORG'],gov.in.is.10028.1.1985,https://archive.org/details/gov.in.is.10028.1.1985,http://creativecommons.org/publicdomain/zero/1.0/,bis_data\archive\text\gov.in.is.10028.1.1985.txt,,True,False,True,
IS|10028|2|None|1981|None,IS|10028|2|None,IS 10028 (Part 2):1981,IS,10028,2.0,,1981,"IS 10028-2: Code of practice for selection, installation and maintenance of transformers; Part 2 Installation",</b> Electrotechnical<br /><b>,</b> Transformers (ETD 16)<br /><br /><b>,ETD 16,published,,,0,</b> <br /><br /><br /><b>LEGALLY BINDING DOCUMENT</b><br /><br /><i>Step Out From the Old to the New</i>--Jawaharlal Nehru<br /><i>Invent a new India using knowledge.</i>--Satyanarayan Gangaram Pitroda,['ARCHIVE_ORG'],gov.in.is.10028.2.1981,https://archive.org/details/gov.in.is.10028.2.1981,http://creativecommons.org/publicdomain/zero/1.0/,bis_data\archive\text\gov.in.is.10028.2.1981.txt,,True,False,True,
IS|10028|3|None|1981|None,IS|10028|3|None,IS 10028 (Part 3):1981,IS,10028,3.0,,1981,"IS 10028-3: Code of practice for selection, installation and maintenance of transformers, Part 3: Maintenance",</b> Electrotechnical<br /><b>,</b> Transformers (ETD 16)<br /><br /><b>,ETD 16,published,,,0,</b> <br /><br /><br /><b>LEGALLY BINDING DOCUMENT</b><br /><br /><i>Step Out From the Old to the New</i>--Jawaharlal Nehru<br /><i>Invent a new India using knowledge.</i>--Satyanarayan Gangaram Pitroda,['ARCHIVE_ORG'],gov.in.is.10028.3.1981,https://archive.org/details/gov.in.is.10028.3.1981,http://creativecommons.org/publicdomain/zero/1.0/,bis_data\archive\text\gov.in.is.10028.3.1981.txt,,True,False,True,
IS|10029|None|None|1981|None,IS|10029|None|None,IS 10029:1981,IS,10029,,,1981,IS 10029: Methods for sensory evaluation of sweetened condensed milk,</b> Food and Agriculture<br /><b>,</b> Dairy Products and Equipment (FAD 19)<br /><br /><b>,FAD 19,published,,,0,</b> <br /><br /><br /><b>LEGALLY BINDING DOCUMENT</b><br /><br /><i>Step Out From the Old to the New</i>--Jawaharlal Nehru<br /><i>Invent a new India using knowledge.</i>--Satyanarayan Gangaram Pitroda,['ARCHIVE_ORG'],gov.in.is.10029.1981,https://archive.org/details/gov.in.is.10029.1981,http://creativecommons.org/publicdomain/zero/1.0/,bis_data\archive\text\gov.in.is.10029.1981.txt,,True,False,True,
IS|10030|None|None|1981|None,IS|10030|None|None,IS 10030:1981,IS,10030,,,1981,IS 10030: Methods for sensory evaluation of milk powder,</b> Food and Agriculture<br /><b>,</b> Dairy Products and Equipment (FAD 19)<br /><br /><b>,FAD 19,published,,,0,</b> <br /><br /><br /><b>LEGALLY BINDING DOCUMENT</b><br /><br /><i>Step Out From the Old to the New</i>--Jawaharlal Nehru<br /><i>Invent a new India using knowledge.</i>--Satyanarayan Gangaram Pitroda,['ARCHIVE_ORG'],gov.in.is.10030.1981,https://archive.org/details/gov.in.is.10030.1981,http://creativecommons.org/publicdomain/zero/1.0/,bis_data\archive\text\gov.in.is.10030.1981.txt,,True,False,True,
IS|10031|None|None|1981|None,IS|10031|None|None,IS 10031:1981,IS,10031,,,1981,IS 10031: Taper barreled delivery spools for covered round electrical winding wires,</b> Electrotechnical<br /><b>,</b> Winding Wire (ETD 33)<br /><br /><b>,ETD 33,published,,,0,"</b> <br /><br /><br /><b>LEGALLY BINDING DOCUMENT</b><br /><br /><i>Step Out From the Old to the New</i>--Jawaharlal Nehru<br /><i>Invent a new India using knowledge.</i>--Satyanarayan Gangaram Pitroda <br /><br /><p><b style=""color:#FF0000;"">ATTENTION!</b> This standard, Indian Standard IS 10031:1981, has been declared to be <b>WITHDRAWN</b> is thus no longer active.  Superceding standard: .</p>",['ARCHIVE_ORG'],gov.in.is.10031.1981,https://archive.org/details/gov.in.is.10031.1981,http://creativecommons.org/publicdomain/zero/1.0/,bis_data\archive\text\gov.in.is.10031.1981.txt,,True,False,True,
IS|10032|None|None|1981|None,IS|10032|None|None,IS 10032:1981,IS,10032,,,1981,IS 10032: Organic no bake binders for use in foundries,</b> Metallurgical Engineering<br /><b>,</b> Foundry (MTD 14)<br /><br /><b>,MTD 14,published,,,0,</b> <br /><br /><br /><b>LEGALLY BINDING DOCUMENT</b><br /><br /><i>Step Out From the Old to the New</i>--Jawaharlal Nehru<br /><i>Invent a new India using knowledge.</i>--Satyanarayan Gangaram Pitroda,['ARCHIVE_ORG'],gov.in.is.10032.1981,https://archive.org/details/gov.in.is.10032.1981,http://creativecommons.org/publicdomain/zero/1.0/,bis_data\archive\text\gov.in.is.10032.1981.txt,,True,False,False,IS 10032:2013
IS|10032|None|None|2013|None,IS|10032|None|None,IS 10032:2013,IS,10032,,,2013,IS 10032 : 2013: Organic No Bake (Self Setting) Binders for Use in Foundries,,,,published,,,0,,['ARCHIVE_ORG'],gov.in.is.10032.2013,https://archive.org/details/gov.in.is.10032.2013,,bis_data\archive\text\gov.in.is.10032.2013.txt,,True,False,True,
IS|10033|None|None|1992|None,IS|10033|None|None,IS 10033:1992,IS,10033,,,1992,IS 10033: Zircon and Graphite based core and mould washes,</b> Metallurgical Engineering<br /><b>,</b> Foundry (MTD 14)<br /><br /><b>,MTD 14,published,,,0,</b> <br /><br /><br /><b>LEGALLY BINDING DOCUMENT</b><br /><br /><i>Step Out From the Old to the New</i>--Jawaharlal Nehru<br /><i>Invent a new India using knowledge.</i>--Satyanarayan Gangaram Pitroda,['ARCHIVE_ORG'],gov.in.is.10033.1992,https://archive.org/details/gov.in.is.10033.1992,http://creativecommons.org/publicdomain/zero/1.0/,bis_data\archive\text\gov.in.is.10033.1992.txt,,True,False,True,
IS|10034|None|None|1981|None,IS|10034|None|None,IS 10034:1981,IS,10034,,,1981,IS 10034: Basic requirement for equipment for determining moisture content in foundry sand,</b> Metallurgical Engineering<br /><b>,</b> Foundry (MTD 14)<br /><br /><b>,MTD 14,published,,,0,</b> <br /><br /><br /><b>LEGALLY BINDING DOCUMENT</b><br /><br /><i>Step Out From the Old to the New</i>--Jawaharlal Nehru<br /><i>Invent a new India using knowledge.</i>--Satyanarayan Gangaram Pitroda,['ARCHIVE_ORG'],gov.in.is.10034.1981,https://archive.org/details/gov.in.is.10034.1981,http://creativecommons.org/publicdomain/zero/1.0/,bis_data\archive\text\gov.in.is.10034.1981.txt,,True,False,True,
IS|10035|None|None|1993|None,IS|10035|None|None,IS 10035:1993,IS,10035,,,1993,IS 10035: Bronze powder for metallic filters,</b> Metallurgical Engineering<br /><b>,</b> Powder Metallurgical Materials and Products (MTD 25)<br /><br /><b>,MTD 25,published,,,0,</b> <br /><br /><br /><b>LEGALLY BINDING DOCUMENT</b><br /><br /><i>Step Out From the Old to the New</i>--Jawaharlal Nehru<br /><i>Invent a new India using knowledge.</i>--Satyanarayan Gangaram Pitroda,['ARCHIVE_ORG'],gov.in.is.10035.1993,https://archive.org/details/gov.in.is.10035.1993,http://creativecommons.org/publicdomain/zero/1.0/,bis_data\archive\text\gov.in.is.10035.1993.txt,,True,False,False,IS 10035:2023
IS|10035|None|None|2023|None,IS|10035|None|None,IS 10035:2023,IS,10035,,,2023,IS 10035 : 2023: Bronze Powder for Metallic Filters - Specification,,,,published,,,0,,['ARCHIVE_ORG'],gov.in.is.10035.2023,https://archive.org/details/gov.in.is.10035.2023,,bis_data\archive\text\gov.in.is.10035.2023.txt,,True,False,True,
IS|10037|1|None|1981|None,IS|10037|1|None,IS 10037 (Part 1):1981,IS,10037,1.0,,1981,"IS 10037-1: Requirements for sludge dewatering equipment, Part I: Sludge drying beds-sand, gravel and underdrains",</b> Civil Engineering<br /><b>,</b> Public Health Engineering. (CED 24)<br /><br /><b>,CED 24,published,,,0,</b> <br /><br /><br /><b>LEGALLY BINDING DOCUMENT</b><br /><br /><i>Step Out From the Old to the New</i>--Jawaharlal Nehru<br /><i>Invent a new India using knowledge.</i>--Satyanarayan Gangaram Pitroda,['ARCHIVE_ORG'],gov.in.is.10037.1.1981,https://archive.org/details/gov.in.is.10037.1.1981,http://creativecommons.org/publicdomain/zero/1.0/,bis_data\archive\text\gov.in.is.10037.1.1981.txt,,True,False,True,
IS|10037|2|None|1983|None,IS|10037|2|None,IS 10037 (Part 2):1983,IS,10037,2.0,,1983,"IS 10037-2: Requirements for sludge de-watering equipment, Part 2: Vacuum filtration equipment",</b> Civil Engineering<br /><b>,</b> Public Health Engineering. (CED 24)<br /><br /><b>,CED 24,published,,,0,</b> <br /><br /><br /><b>LEGALLY BINDING DOCUMENT</b><br /><br /><i>Step Out From the Old to the New</i>--Jawaharlal Nehru<br /><i>Invent a new India using knowledge.</i>--Satyanarayan Gangaram Pitroda,['ARCHIVE_ORG'],gov.in.is.10037.2.1983,https://archive.org/details/gov.in.is.10037.2.1983,http://creativecommons.org/publicdomain/zero/1.0/,bis_data\archive\text\gov.in.is.10037.2.1983.txt,,True,False,True,
IS|10037|3|None|1983|None,IS|10037|3|None,IS 10037 (Part 3):1983,IS,10037,3.0,,1983,"IS 10037-3: Requirements for sludge de-watering equipment, Part 3: Centrifugal equipment (Solid bowl type)",</b> Civil Engineering<br /><b>,</b> Public Health Engineering. (CED 24)<br /><br /><b>,CED 24,published,,,0,</b> <br /><br /><br /><b>LEGALLY BINDING DOCUMENT</b><br /><br /><i>Step Out From the Old to the New</i>--Jawaharlal Nehru<br /><i>Invent a new India using knowledge.</i>--Satyanarayan Gangaram Pitroda,['ARCHIVE_ORG'],gov.in.is.10037.3.1983,https://archive.org/details/gov.in.is.10037.3.1983,http://creativecommons.org/publicdomain/zero/1.0/,bis_data\archive\text\gov.in.is.10037.3.1983.txt,,True,False,True,
IS|10038|None|None|1981|None,IS|10038|None|None,IS 10038:1981,IS,10038,,,1981,IS 10038: Textured Plant Protein Foods Prepared By Extrusion Cooking,</b> Food and Agriculture<br /><b>,"</b> Foodgrains, Starches and Ready to Eat Foods (FAD 16)<br /><br /><b>",FAD 16,published,,,0,</b> <br /><br /><br /><b>LEGALLY BINDING DOCUMENT</b><br /><br /><i>Step Out From the Old to the New</i>--Jawaharlal Nehru<br /><i>Invent a new India using knowledge.</i>--Satyanarayan Gangaram Pitroda,['ARCHIVE_ORG'],gov.in.is.10038.1981,https://archive.org/details/gov.in.is.10038.1981,http://creativecommons.org/publicdomain/zero/1.0/,bis_data\archive\text\gov.in.is.10038.1981.txt,,True,False,True,
IS|10039|None|None|1981|None,IS|10039|None|None,IS 10039:1981,IS,10039,,,1981,"IS 10039: Specification for Number Printing Machines, Hand-operated",</b> Mechanical Engineering<br /><b>,</b> Printing Machinery (MED 25)<br /><br /><b>,MED 25,published,,,0,"</b> <br /><br /><br /><b>LEGALLY BINDING DOCUMENT</b><br /><br /><i>Step Out From the Old to the New</i>--Jawaharlal Nehru<br /><i>Invent a new India using knowledge.</i>--Satyanarayan Gangaram Pitroda <br /><br /><p><b style=""color:#FF0000;"">ATTENTION!</b> This standard, Indian Standard IS 10039:1981, has been declared to be <b>WITHDRAWN</b> is thus no longer active.  Superceding standard: Decided by council.</p>",['ARCHIVE_ORG'],gov.in.is.10039.1981,https://archive.org/details/gov.in.is.10039.1981,http://creativecommons.org/publicdomain/zero/1.0/,bis_data\archive\text\gov.in.is.10039.1981.txt,,True,False,True,
IS|10040|None|None|1981|None,IS|10040|None|None,IS 10040:1981,IS,10040,,,1981,IS 10040: Specification for Rotating Hooks for Sewing Machines for Industrial Use,</b> Mechanical Engineering<br /><b>,</b> Sewing Machines (MED 29)<br /><br /><b>,MED 29,published,,,0,</b> <br /><br /><br /><b>LEGALLY BINDING DOCUMENT</b><br /><br /><i>Step Out From the Old to the New</i>--Jawaharlal Nehru<br /><i>Invent a new India using knowledge.</i>--Satyanarayan Gangaram Pitroda,['ARCHIVE_ORG'],gov.in.is.10040.1981,https://archive.org/details/gov.in.is.10040.1981,http://creativecommons.org/publicdomain/zero/1.0/,bis_data\archive\text\gov.in.is.10040.1981.txt,,True,False,True,
IS|10041|None|None|1981|None,IS|10041|None|None,IS 10041:1981,IS,10041,,,1981,IS 10041: Glossary of terms for airlines technical operation,</b> Transport Engineering<br /><b>,</b> Aircraft and Space Vehicles (TED 14)<br /><br /><b>,TED 14,published,,,0,</b> <br /><br /><br /><b>LEGALLY BINDING DOCUMENT</b><br /><br /><i>Step Out From the Old to the New</i>--Jawaharlal Nehru<br /><i>Invent a new India using knowledge.</i>--Satyanarayan Gangaram Pitroda,['ARCHIVE_ORG'],gov.in.is.10041.1981,https://archive.org/details/gov.in.is.10041.1981,http://creativecommons.org/publicdomain/zero/1.0/,bis_data\archive\text\gov.in.is.10041.1981.txt,,True,False,True,
IS|10042|None|None|1981|None,IS|10042|None|None,IS 10042:1981,IS,10042,,,1981,IS 10042: Code of practice for site investigations for foundation in gravel-boulder deposit,</b> Civil Engineering<br /><b>,</b> Soil and Foundation Engineering (CED 43)<br /><br /><b>,CED 43,published,,,0,</b> <br /><br /><br /><b>LEGALLY BINDING DOCUMENT</b><br /><br /><i>Step Out From the Old to the New</i>--Jawaharlal Nehru<br /><i>Invent a new India using knowledge.</i>--Satyanarayan Gangaram Pitroda,['ARCHIVE_ORG'],gov.in.is.10042.1981,https://archive.org/details/gov.in.is.10042.1981,http://creativecommons.org/publicdomain/zero/1.0/,bis_data\archive\text\gov.in.is.10042.1981.txt,,True,False,True,
IS|10044|None|None|1981|None,IS|10044|None|None,IS 10044:1981,IS,10044,,,1981,IS 10044: Guide for Treatment and Disposal of Effluents of Petroleum Refining Industry,</b> Chemical<br /><b>,</b> Environmental Protection and Waste Management (CHD 32)<br /><br /><b>,CHD 32,published,,,0,</b> <br /><br /><br /><b>LEGALLY BINDING DOCUMENT</b><br /><br /><i>Step Out From the Old to the New</i>--Jawaharlal Nehru<br /><i>Invent a new India using knowledge.</i>--Satyanarayan Gangaram Pitroda,['ARCHIVE_ORG'],gov.in.is.10044.1981,https://archive.org/details/gov.in.is.10044.1981,http://creativecommons.org/publicdomain/zero/1.0/,bis_data\archive\text\gov.in.is.10044.1981.txt,,True,False,True,
IS|10045|None|None|1981|None,IS|10045|None|None,IS 10045:1981,IS,10045,,,1981,"IS 10045: Punch, Lacrymal Bone, Beyer's Pattern",</b> Medical Equipment and Hospital Planning<br /><b>,</b> Ophthalmic Instruments and Appliances (MHD 5)<br /><br /><b>,MHD 5,published,,,0,</b> <br /><br /><br /><b>LEGALLY BINDING DOCUMENT</b><br /><br /><i>Step Out From the Old to the New</i>--Jawaharlal Nehru<br /><i>Invent a new India using knowledge.</i>--Satyanarayan Gangaram Pitroda,['ARCHIVE_ORG'],gov.in.is.10045.1981,https://archive.org/details/gov.in.is.10045.1981,http://creativecommons.org/publicdomain/zero/1.0/,bis_data\archive\text\gov.in.is.10045.1981.txt,,True,False,True,
IS|10046|None|None|1981|None,IS|10046|None|None,IS 10046:1981,IS,10046,,,1981,IS 10046: Dog Spikes for Mine Haulage Tracks,</b> Mechanical Engineering<br /><b>,</b> Mining Techniques and Equipment (MED 8)<br /><br /><b>,MED 8,published,,,0,</b> <br /><br /><br /><b>LEGALLY BINDING DOCUMENT</b><br /><br /><i>Step Out From the Old to the New</i>--Jawaharlal Nehru<br /><i>Invent a new India using knowledge.</i>--Satyanarayan Gangaram Pitroda,['ARCHIVE_ORG'],gov.in.is.10046.1981,https://archive.org/details/gov.in.is.10046.1981,http://creativecommons.org/publicdomain/zero/1.0/,bis_data\archive\text\gov.in.is.10046.1981.txt,,True,False,True,
IS|10047|None|None|1981|None,IS|10047|None|None,IS 10047:1981,IS,10047,,,1981,IS 10047: Methods for testing refractory ramming masses,</b> Metallurgical Engineering<br /><b>,</b> Refractories (MTD 15)<br /><br /><b>,MTD 15,published,,,0,</b> <br /><br /><br /><b>LEGALLY BINDING DOCUMENT</b><br /><br /><i>Step Out From the Old to the New</i>--Jawaharlal Nehru<br /><i>Invent a new India using knowledge.</i>--Satyanarayan Gangaram Pitroda,['ARCHIVE_ORG'],gov.in.is.10047.1981,https://archive.org/details/gov.in.is.10047.1981,http://creativecommons.org/publicdomain/zero/1.0/,bis_data\archive\text\gov.in.is.10047.1981.txt,,True,False,False,IS 10047:2023
IS|10047|None|None|2023|None,IS|10047|None|None,IS 10047:2023,IS,10047,,,2023,IS 10047 : 2023: Refractory Plastic and Ramming Mass - Method of Test,,,,published,,,0,,['ARCHIVE_ORG'],gov.in.is.10047.2023,https://archive.org/details/gov.in.is.10047.2023,,bis_data\archive\text\gov.in.is.10047.2023.txt,,True,False,True,
IS|10048|None|None|1999|None,IS|10048|None|None,IS 10048:1999,IS,10048,,,1999,IS 10048: Rice grader,</b> Food and Agriculture<br /><b>,</b> Agriculture and Food Processing Equipments (FAD 20)<br /><br /><b>,FAD 20,published,,,0,</b> <br /><br /><br /><b>LEGALLY BINDING DOCUMENT</b><br /><br /><i>Step Out From the Old to the New</i>--Jawaharlal Nehru<br /><i>Invent a new India using knowledge.</i>--Satyanarayan Gangaram Pitroda,['ARCHIVE_ORG'],gov.in.is.10048.1999,https://archive.org/details/gov.in.is.10048.1999,http://creativecommons.org/publicdomain/zero/1.0/,bis_data\archive\text\gov.in.is.10048.1999.txt,,True,False,True,
IS|10049|None|None|1981|None,IS|10049|None|None,IS 10049:1981,IS,10049,,,1981,IS 10049: Code of practice for manufacture of lime based blocks,</b> Civil Engineering<br /><b>,</b> Building Limes and Gypsum Products (CED 4)<br /><br /><b>,CED 4,published,,,0,</b> <br /><br /><br /><b>LEGALLY BINDING DOCUMENT</b><br /><br /><i>Step Out From the Old to the New</i>--Jawaharlal Nehru<br /><i>Invent a new India using knowledge.</i>--Satyanarayan Gangaram Pitroda,['ARCHIVE_ORG'],gov.in.is.10049.1981,https://archive.org/details/gov.in.is.10049.1981,http://creativecommons.org/publicdomain/zero/1.0/,bis_data\archive\text\gov.in.is.10049.1981.txt,,True,False,True,
IS|10050|None|None|1981|None,IS|10050|None|None,IS 10050:1981,IS,10050,,,1981,IS 10050: Method for determination of slake durability index of rocks,</b> Civil Engineering<br /><b>,</b> Rock Mechanics (CED 48)<br /><br /><b>,CED 48,published,,,0,</b> <br /><br /><br /><b>LEGALLY BINDING DOCUMENT</b><br /><br /><i>Step Out From the Old to the New</i>--Jawaharlal Nehru<br /><i>Invent a new India using knowledge.</i>--Satyanarayan Gangaram Pitroda,['ARCHIVE_ORG'],gov.in.is.10050.1981,https://archive.org/details/gov.in.is.10050.1981,http://creativecommons.org/publicdomain/zero/1.0/,bis_data\archive\text\gov.in.is.10050.1981.txt,,True,False,True,
IS|10052|1|None|1999|None,IS|10052|1|None,IS 10052 (Part 1):1999,IS,10052,1.0,,1999,"IS 10052-1: Radio Disturbance and Immunity Measuring Apparatus and Methods, Part 1: Radio Disturbance and Immunity Measuring Apparatus",</b> Electronics and Information Technology<br /><b>,</b> Electromagnetic Compatibility (LITD 9)<br /><br /><b>,LITD 9,published,,,0,"</b> <br /><br /><br /><b>LEGALLY BINDING DOCUMENT</b><br /><br /><i>Step Out From the Old to the New</i>--Jawaharlal Nehru<br /><i>Invent a new India using knowledge.</i>--Satyanarayan Gangaram Pitroda <br /><br /><p><b style=""color:#FF0000;"">ATTENTION!</b> This standard, Indian Standard IS 10052:Part1:1999, has been declared to be <b>WITHDRAWN</b> is thus no longer active.  Superceding standard: IS 10052 (Part 1/Sec 1) : 2019/CISPR 16-1-1 : 2015.</p>",['ARCHIVE_ORG'],gov.in.is.10052.1.1999,https://archive.org/details/gov.in.is.10052.1.1999,http://creativecommons.org/publicdomain/zero/1.0/,bis_data\archive\text\gov.in.is.10052.1.1999.txt,,True,False,True,
IS|10052|2|None|1999|None,IS|10052|2|None,IS 10052 (Part 2):1999,IS,10052,2.0,,1999,"IS 10052-2: Radio Disturbance and Immunity Measuring Apparatus and Methods, Part 2: Methods of Measurement of Disturbances and Immunity",</b> Electronics and Information Technology<br /><b>,</b> Electromagnetic Compatibility (LITD 9)<br /><br /><b>,LITD 9,published,,,0,"</b> <br /><br /><br /><b>LEGALLY BINDING DOCUMENT</b><br /><br /><i>Step Out From the Old to the New</i>--Jawaharlal Nehru<br /><i>Invent a new India using knowledge.</i>--Satyanarayan Gangaram Pitroda <br /><br /><p><b style=""color:#FF0000;"">ATTENTION!</b> This standard, Indian Standard IS 10052:Part2:1999, has been declared to be <b>WITHDRAWN</b> is thus no longer active.  Superceding standard: Decided by divisional council 06 Sep 2019.</p>",['ARCHIVE_ORG'],gov.in.is.10052.2.1999,https://archive.org/details/gov.in.is.10052.2.1999,http://creativecommons.org/publicdomain/zero/1.0/,bis_data\archive\text\gov.in.is.10052.2.1999.txt,,True,False,True,
IS|10053|None|None|1981|None,IS|10053|None|None,IS 10053:1981,IS,10053,,,1981,IS 10053: Requirements for equipment for jackson candle turbiditimeter and determination of turbidity,</b> Civil Engineering<br /><b>,</b> Public Health Engineering. (CED 24)<br /><br /><b>,CED 24,published,,,0,</b> <br /><br /><br /><b>LEGALLY BINDING DOCUMENT</b><br /><br /><i>Step Out From the Old to the New</i>--Jawaharlal Nehru<br /><i>Invent a new India using knowledge.</i>--Satyanarayan Gangaram Pitroda,['ARCHIVE_ORG'],gov.in.is.10053.1981,https://archive.org/details/gov.in.is.10053.1981,http://creativecommons.org/publicdomain/zero/1.0/,bis_data\archive\text\gov.in.is.10053.1981.txt,,True,False,True,
IS|10054|None|None|1996|None,IS|10054|None|None,IS 10054:1996,IS,10054,,,1996,"IS 10054: Textiles - High density polyethylene (HDPE) monofilament mosquito netting, round mesh",</b> Textiles<br /><b>,</b> Textile Materials made from Polyolefins (TXD 23)<br /><br /><b>,TXD 23,published,,,0,</b> <br /><br /><br /><b>LEGALLY BINDING DOCUMENT</b><br /><br /><i>Step Out From the Old to the New</i>--Jawaharlal Nehru<br /><i>Invent a new India using knowledge.</i>--Satyanarayan Gangaram Pitroda,['ARCHIVE_ORG'],gov.in.is.10054.1996,https://archive.org/details/gov.in.is.10054.1996,http://creativecommons.org/publicdomain/zero/1.0/,bis_data\archive\text\gov.in.is.10054.1996.txt,,True,False,True,
IS|10055|None|None|1982|None,IS|10055|None|None,IS 10055:1982,IS,10055,,,1982,IS 10055: Jute Needleloom Felts,</b> Textiles<br /><b>,</b> Industrial Fabrics (TXD 33)<br /><br /><b>,TXD 33,published,,,0,</b> <br /><br /><br /><b>LEGALLY BINDING DOCUMENT</b><br /><br /><i>Step Out From the Old to the New</i>--Jawaharlal Nehru<br /><i>Invent a new India using knowledge.</i>--Satyanarayan Gangaram Pitroda,['ARCHIVE_ORG'],gov.in.is.10055.1982,https://archive.org/details/gov.in.is.10055.1982,http://creativecommons.org/publicdomain/zero/1.0/,bis_data\archive\text\gov.in.is.10055.1982.txt,,True,False,True,
IS|10056|None|None|1982|None,IS|10056|None|None,IS 10056:1982,IS,10056,,,1982,IS 10056: Silk (Viscose Rayon) Ribbon Tape,</b> Textiles<br /><b>,"</b> Narrow Fabrics, Webbings and Braids (TXD 12)<br /><br /><b>",TXD 12,published,,,0,</b> <br /><br /><br /><b>LEGALLY BINDING DOCUMENT</b><br /><br /><i>Step Out From the Old to the New</i>--Jawaharlal Nehru<br /><i>Invent a new India using knowledge.</i>--Satyanarayan Gangaram Pitroda,['ARCHIVE_ORG'],gov.in.is.10056.1982,https://archive.org/details/gov.in.is.10056.1982,http://creativecommons.org/publicdomain/zero/1.0/,bis_data\archive\text\gov.in.is.10056.1982.txt,,True,False,False,IS 10056:2023
IS|10056|None|None|2023|None,IS|10056|None|None,IS 10056:2023,IS,10056,,,2023,IS 10056 : 2023: Textiles Silk Viscose Rayon Ribbon Tape Specification,,,,published,,,0,,['ARCHIVE_ORG'],gov.in.is.10056.2023,https://archive.org/details/gov.in.is.10056.2023,,bis_data\archive\text\gov.in.is.10056.2023.txt,,True,False,True,
IS|10057|None|None|1982|None,IS|10057|None|None,IS 10057:1982,IS,10057,,,1982,IS 10057: Tapes for Wagon Sealing,</b> Textiles<br /><b>,"</b> Narrow Fabrics, Webbings and Braids (TXD 12)<br /><br /><b>",TXD 12,published,,,0,</b> <br /><br /><br /><b>LEGALLY BINDING DOCUMENT</b><br /><br /><i>Step Out From the Old to the New</i>--Jawaharlal Nehru<br /><i>Invent a new India using knowledge.</i>--Satyanarayan Gangaram Pitroda,['ARCHIVE_ORG'],gov.in.is.10057.1982,https://archive.org/details/gov.in.is.10057.1982,http://creativecommons.org/publicdomain/zero/1.0/,bis_data\archive\text\gov.in.is.10057.1982.txt,,True,False,True,
IS|10058|None|None|1985|None,IS|10058|None|None,IS 10058:1985,IS,10058,,,1985,"IS 10058: Forceps, Fixation, Graefe's Pattern (Modified)",</b> Medical Equipment and Hospital Planning<br /><b>,</b> Ophthalmic Instruments and Appliances (MHD 5)<br /><br /><b>,MHD 5,published,,,0,</b> <br /><br /><br /><b>LEGALLY BINDING DOCUMENT</b><br /><br /><i>Step Out From the Old to the New</i>--Jawaharlal Nehru<br /><i>Invent a new India using knowledge.</i>--Satyanarayan Gangaram Pitroda,['ARCHIVE_ORG'],gov.in.is.10058.1985,https://archive.org/details/gov.in.is.10058.1985,http://creativecommons.org/publicdomain/zero/1.0/,bis_data\archive\text\gov.in.is.10058.1985.txt,,True,False,True,
IS|10059|None|None|1981|None,IS|10059|None|None,IS 10059:1981,IS,10059,,,1981,IS 10059: Edible Fish Powder,</b> Food and Agriculture<br /><b>,</b> Fish and Fisheries Products (FAD 12)<br /><br /><b>,FAD 12,published,,,0,</b> <br /><br /><br /><b>LEGALLY BINDING DOCUMENT</b><br /><br /><i>Step Out From the Old to the New</i>--Jawaharlal Nehru<br /><i>Invent a new India using knowledge.</i>--Satyanarayan Gangaram Pitroda,['ARCHIVE_ORG'],gov.in.is.10059.1981,https://archive.org/details/gov.in.is.10059.1981,http://creativecommons.org/publicdomain/zero/1.0/,bis_data\archive\text\gov.in.is.10059.1981.txt,,True,False,True,
IS|10060|None|None|1981|None,IS|10060|None|None,IS 10060:1981,IS,10060,,,1981,IS 10060: Code of Practice for Subsurface Investigation for Power House Sites,</b> Water Resources<br /><b>,</b> Gelogical Investigation and Subsurface Exploration (WRD 5)<br /><br /><b>,WRD 5,published,,,0,</b> <br /><br /><br /><b>LEGALLY BINDING DOCUMENT</b><br /><br /><i>Step Out From the Old to the New</i>--Jawaharlal Nehru<br /><i>Invent a new India using knowledge.</i>--Satyanarayan Gangaram Pitroda,['ARCHIVE_ORG'],gov.in.is.10060.1981,https://archive.org/details/gov.in.is.10060.1981,http://creativecommons.org/publicdomain/zero/1.0/,bis_data\archive\text\gov.in.is.10060.1981.txt,,True,False,False,IS 10060:2013
IS|10060|None|None|2013|None,IS|10060|None|None,IS 10060:2013,IS,10060,,,2013,IS 10060 : 2013: Geotechnical Investigations for Power House Sites - Code of Practice,,,,published,,,0,,['ARCHIVE_ORG'],gov.in.is.10060.2013,https://archive.org/details/gov.in.is.10060.2013,,bis_data\archive\text\gov.in.is.10060.2013.txt,,True,False,True,
IS|10061|None|None|1991|None,IS|10061|None|None,IS 10061:1991,IS,10061,,,1991,IS 10061: Proforma for analysis of unit rate of excavation of tunnels by cyclic drilling and blasting,</b> Water Resources<br /><b>,</b> Measurement and Cost Analysis of Works For River Valley Projects (WRD 23)<br /><br /><b>,WRD 23,published,,,0,</b> <br /><br /><br /><b>LEGALLY BINDING DOCUMENT</b><br /><br /><i>Step Out From the Old to the New</i>--Jawaharlal Nehru<br /><i>Invent a new India using knowledge.</i>--Satyanarayan Gangaram Pitroda,['ARCHIVE_ORG'],gov.in.is.10061.1991,https://archive.org/details/gov.in.is.10061.1991,http://creativecommons.org/publicdomain/zero/1.0/,bis_data\archive\text\gov.in.is.10061.1991.txt,,True,False,True,
IS|10062|None|None|1991|None,IS|10062|None|None,IS 10062:1991,IS,10062,,,1991,IS 10062: Proforma for analysis of unit rate of quarrying rock by mechanical means,</b> Water Resources<br /><b>,</b> Measurement and Cost Analysis of Works For River Valley Projects (WRD 23)<br /><br /><b>,WRD 23,published,,,0,</b> <br /><br /><br /><b>LEGALLY BINDING DOCUMENT</b><br /><br /><i>Step Out From the Old to the New</i>--Jawaharlal Nehru<br /><i>Invent a new India using knowledge.</i>--Satyanarayan Gangaram Pitroda,['ARCHIVE_ORG'],gov.in.is.10062.1991,https://archive.org/details/gov.in.is.10062.1991,http://creativecommons.org/publicdomain/zero/1.0/,bis_data\archive\text\gov.in.is.10062.1991.txt,,True,False,True,
IS|10063|None|None|1982|None,IS|10063|None|None,IS 10063:1982,IS,10063,,,1982,IS 10063: Dimensions of end fittings of rear shock absorbers for scooters and motorcycles,</b> Transport Engineering<br /><b>,</b> Spring (TED 21)<br /><br /><b>,TED 21,published,,,0,</b> <br /><br /><br /><b>LEGALLY BINDING DOCUMENT</b><br /><br /><i>Step Out From the Old to the New</i>--Jawaharlal Nehru<br /><i>Invent a new India using knowledge.</i>--Satyanarayan Gangaram Pitroda,['ARCHIVE_ORG'],gov.in.is.10063.1982,https://archive.org/details/gov.in.is.10063.1982,http://creativecommons.org/publicdomain/zero/1.0/,bis_data\archive\text\gov.in.is.10063.1982.txt,,True,False,True,
IS|10065|None|None|1981|None,IS|10065|None|None,IS 10065:1981,IS,10065,,,1981,IS 10065: Roasted Groundnut (Peanut) Kernels,</b> Food and Agriculture<br /><b>,"</b> Foodgrains, Starches and Ready to Eat Foods (FAD 16)<br /><br /><b>",FAD 16,published,,,0,</b> <br /><br /><br /><b>LEGALLY BINDING DOCUMENT</b><br /><br /><i>Step Out From the Old to the New</i>--Jawaharlal Nehru<br /><i>Invent a new India using knowledge.</i>--Satyanarayan Gangaram Pitroda,['ARCHIVE_ORG'],gov.in.is.10065.1981,https://archive.org/details/gov.in.is.10065.1981,http://creativecommons.org/publicdomain/zero/1.0/,bis_data\archive\text\gov.in.is.10065.1981.txt,,True,False,True,
IS|10066|None|None|1981|None,IS|10066|None|None,IS 10066:1981,IS,10066,,,1981,IS 10066: Corrugated fibreboard boxes for packing cigarettes,</b> Chemical<br /><b>,</b> Paper and its products (CHD 15)<br /><br /><b>,CHD 15,published,,,0,</b> <br /><br /><br /><b>LEGALLY BINDING DOCUMENT</b><br /><br /><i>Step Out From the Old to the New</i>--Jawaharlal Nehru<br /><i>Invent a new India using knowledge.</i>--Satyanarayan Gangaram Pitroda,['ARCHIVE_ORG'],gov.in.is.10066.1981,https://archive.org/details/gov.in.is.10066.1981,http://creativecommons.org/publicdomain/zero/1.0/,bis_data\archive\text\gov.in.is.10066.1981.txt,,True,False,True,
IS|10067|None|None|1982|None,IS|10067|None|None,IS 10067:1982,IS,10067,,,1982,IS 10067: Material constants in building works,</b> Civil Engineering<br /><b>,</b> Construction Management including safety in Construction (CED 29)<br /><br /><b>,CED 29,published,,,0,</b> <br /><br /><br /><b>LEGALLY BINDING DOCUMENT</b><br /><br /><i>Step Out From the Old to the New</i>--Jawaharlal Nehru<br /><i>Invent a new India using knowledge.</i>--Satyanarayan Gangaram Pitroda,['ARCHIVE_ORG'],gov.in.is.10067.1982,https://archive.org/details/gov.in.is.10067.1982,http://creativecommons.org/publicdomain/zero/1.0/,bis_data\archive\text\gov.in.is.10067.1982.txt,,True,False,True,
IS|10068|1|None|1982|None,IS|10068|1|None,IS 10068 (Part 1):1982,IS,10068,1.0,,1982,IS 10068-1: Press Working Die Sets (plain type) - Part I : Centre Post Rectangular Die Sets,</b> Production and General Engineering<br /><b>,</b> Metal Forming Machines (PGD 4)<br /><br /><b>,PGD 4,published,,,0,</b> <br /><br /><br /><b>LEGALLY BINDING DOCUMENT</b><br /><br /><i>Step Out From the Old to the New</i>--Jawaharlal Nehru<br /><i>Invent a new India using knowledge.</i>--Satyanarayan Gangaram Pitroda,['ARCHIVE_ORG'],gov.in.is.10068.1.1982,https://archive.org/details/gov.in.is.10068.1.1982,http://creativecommons.org/publicdomain/zero/1.0/,bis_data\archive\text\gov.in.is.10068.1.1982.txt,,True,False,False,IS 10068 (Part 1):2018
IS|10068|1|None|2018|None,IS|10068|1|None,IS 10068 (Part 1):2018,IS,10068,1.0,,2018,IS 10068 : Part 1 : 2018: Press Working Die Sets (Plain Type) — Specification Part 1 Centre Post Rectangular Die Sets ( First Revision ),,,,published,,,0,,['ARCHIVE_ORG'],gov.in.is.10068.1.2018,https://archive.org/details/gov.in.is.10068.1.2018,,bis_data\archive\text\gov.in.is.10068.1.2018.txt,,True,False,True,
IS|10068|2|None|1982|None,IS|10068|2|None,IS 10068 (Part 2):1982,IS,10068,2.0,,1982,IS 10068-2: Press Working Die Sets (plain type) - Part II : Centre Post Square Die Sets,</b> Production and General Engineering<br /><b>,</b> Metal Forming Machines (PGD 4)<br /><br /><b>,PGD 4,published,,,0,</b> <br /><br /><br /><b>LEGALLY BINDING DOCUMENT</b><br /><br /><i>Step Out From the Old to the New</i>--Jawaharlal Nehru<br /><i>Invent a new India using knowledge.</i>--Satyanarayan Gangaram Pitroda,['ARCHIVE_ORG'],gov.in.is.10068.2.1982,https://archive.org/details/gov.in.is.10068.2.1982,http://creativecommons.org/publicdomain/zero/1.0/,bis_data\archive\text\gov.in.is.10068.2.1982.txt,,True,False,False,IS 10068 (Part 2):2018
IS|10068|2|None|2018|None,IS|10068|2|None,IS 10068 (Part 2):2018,IS,10068,2.0,,2018,IS 10068 : Part 2 : 2018: Press Working Die Sets (Plain Type)- Specification Part 2 Centre Post Square Die Sets (First Revision),,,,published,,,0,,['ARCHIVE_ORG'],gov.in.is.10068.2.2018,https://archive.org/details/gov.in.is.10068.2.2018,,bis_data\archive\text\gov.in.is.10068.2.2018.txt,,True,False,True,
IS|10068|3|None|1990|None,IS|10068|3|None,IS 10068 (Part 3):1990,IS,10068,3.0,,1990,"IS 10068-3: Press Working Die Sets - Plain Type, Part 3: Centre Post Round Die Sets",</b> Production and General Engineering<br /><b>,</b> Metal Forming Machines (PGD 4)<br /><br /><b>,PGD 4,published,,,0,</b> <br /><br /><br /><b>LEGALLY BINDING DOCUMENT</b><br /><br /><i>Step Out From the Old to the New</i>--Jawaharlal Nehru<br /><i>Invent a new India using knowledge.</i>--Satyanarayan Gangaram Pitroda,['ARCHIVE_ORG'],gov.in.is.10068.3.1990,https://archive.org/details/gov.in.is.10068.3.1990,http://creativecommons.org/publicdomain/zero/1.0/,bis_data\archive\text\gov.in.is.10068.3.1990.txt,,True,False,True,
IS|10068|4|None|1997|None,IS|10068|4|None,IS 10068 (Part 4):1997,IS,10068,4.0,,1997,"IS 10068-4: Press Working Die Sets (Plain Type), Part 4: Rear Post Rectangular Die Sets",</b> Production and General Engineering<br /><b>,</b> Metal Forming Machines (PGD 4)<br /><br /><b>,PGD 4,published,,,0,</b> <br /><br /><br /><b>LEGALLY BINDING DOCUMENT</b><br /><br /><i>Step Out From the Old to the New</i>--Jawaharlal Nehru<br /><i>Invent a new India using knowledge.</i>--Satyanarayan Gangaram Pitroda,['ARCHIVE_ORG'],gov.in.is.10068.4.1997,https://archive.org/details/gov.in.is.10068.4.1997,http://creativecommons.org/publicdomain/zero/1.0/,bis_data\archive\text\gov.in.is.10068.4.1997.txt,,True,False,True,
IS|10068|5|None|1996|None,IS|10068|5|None,IS 10068 (Part 5):1996,IS,10068,5.0,,1996,"IS 10068-5: Press Working Die Sets (Plain Type), Part 5: Rear Post Square Die Sets",</b> Production and General Engineering<br /><b>,</b> Metal Forming Machines (PGD 4)<br /><br /><b>,PGD 4,published,,,0,</b> <br /><br /><br /><b>LEGALLY BINDING DOCUMENT</b><br /><br /><i>Step Out From the Old to the New</i>--Jawaharlal Nehru<br /><i>Invent a new India using knowledge.</i>--Satyanarayan Gangaram Pitroda,['ARCHIVE_ORG'],gov.in.is.10068.5.1996,https://archive.org/details/gov.in.is.10068.5.1996,http://creativecommons.org/publicdomain/zero/1.0/,bis_data\archive\text\gov.in.is.10068.5.1996.txt,,True,False,True,
IS|10068|6|None|1996|None,IS|10068|6|None,IS 10068 (Part 6):1996,IS,10068,6.0,,1996,"IS 10068-6: Press Working Die Sets (Plain Type), Part 6: Rear Post Round Die Sets",</b> Production and General Engineering<br /><b>,</b> Metal Forming Machines (PGD 4)<br /><br /><b>,PGD 4,published,,,0,</b> <br /><br /><br /><b>LEGALLY BINDING DOCUMENT</b><br /><br /><i>Step Out From the Old to the New</i>--Jawaharlal Nehru<br /><i>Invent a new India using knowledge.</i>--Satyanarayan Gangaram Pitroda,['ARCHIVE_ORG'],gov.in.is.10068.6.1996,https://archive.org/details/gov.in.is.10068.6.1996,http://creativecommons.org/publicdomain/zero/1.0/,bis_data\archive\text\gov.in.is.10068.6.1996.txt,,True,False,True,
IS|10069|None|None|1992|None,IS|10069|None|None,IS 10069:1992,IS,10069,,,1992,"IS 10069: Hydraulic fluid power - Positive displacement pumps, motors and integral transmissions - Determination of steady-state performance",</b> Production and General Engineering<br /><b>,</b> Fluid Power (PGD 16)<br /><br /><b>,PGD 16,published,,,0,</b> <br /><br /><br /><b>LEGALLY BINDING DOCUMENT</b><br /><br /><i>Step Out From the Old to the New</i>--Jawaharlal Nehru<br /><i>Invent a new India using knowledge.</i>--Satyanarayan Gangaram Pitroda,['ARCHIVE_ORG'],gov.in.is.10069.1992,https://archive.org/details/gov.in.is.10069.1992,http://creativecommons.org/publicdomain/zero/1.0/,bis_data\archive\text\gov.in.is.10069.1992.txt,,True,False,True,
IS|10070|None|None|1982|None,IS|10070|None|None,IS 10070:1982,IS,10070,,,1982,IS 10070: Specification for machine for abrasion testing of coarse aggregates,</b> Civil Engineering<br /><b>,</b> Cement and Concrete (CED 2)<br /><br /><b>,CED 2,published,,,0,</b> <br /><br /><br /><b>LEGALLY BINDING DOCUMENT</b><br /><br /><i>Step Out From the Old to the New</i>--Jawaharlal Nehru<br /><i>Invent a new India using knowledge.</i>--Satyanarayan Gangaram Pitroda,['ARCHIVE_ORG'],gov.in.is.10070.1982,https://archive.org/details/gov.in.is.10070.1982,http://creativecommons.org/publicdomain/zero/1.0/,bis_data\archive\text\gov.in.is.10070.1982.txt,,True,False,True,
IS|10071|None|None|1981|None,IS|10071|None|None,IS 10071:1981,IS,10071,,,1981,IS 10071: Methods of measurement for hot cathode gas filled tubes,</b> Electronics and Information Technology<br /><b>,</b> Electron Tubes and Display Devices (LITD 4)<br /><br /><b>,LITD 4,published,,,0,</b> <br /><br /><br /><b>LEGALLY BINDING DOCUMENT</b><br /><br /><i>Step Out From the Old to the New</i>--Jawaharlal Nehru<br /><i>Invent a new India using knowledge.</i>--Satyanarayan Gangaram Pitroda,['ARCHIVE_ORG'],gov.in.is.10071.1981,https://archive.org/details/gov.in.is.10071.1981,http://creativecommons.org/publicdomain/zero/1.0/,bis_data\archive\text\gov.in.is.10071.1981.txt,,True,False,True,
IS|10072|None|None|1982|None,IS|10072|None|None,IS 10072:1982,IS,10072,,,1982,IS 10072: Plastics beakers,</b> Chemical<br /><b>,</b> Glassware (CHD 10)<br /><br /><b>,CHD 10,published,,,0,</b> <br /><br /><br /><b>LEGALLY BINDING DOCUMENT</b><br /><br /><i>Step Out From the Old to the New</i>--Jawaharlal Nehru<br /><i>Invent a new India using knowledge.</i>--Satyanarayan Gangaram Pitroda,['ARCHIVE_ORG'],gov.in.is.10072.1982,https://archive.org/details/gov.in.is.10072.1982,http://creativecommons.org/publicdomain/zero/1.0/,bis_data\archive\text\gov.in.is.10072.1982.txt,,True,False,True,
IS|10073|None|None|1982|None,IS|10073|None|None,IS 10073:1982,IS,10073,,,1982,IS 10073: Plastics graduated measuring cylinders,</b> Chemical<br /><b>,</b> Glassware (CHD 10)<br /><br /><b>,CHD 10,published,,,0,</b> <br /><br /><br /><b>LEGALLY BINDING DOCUMENT</b><br /><br /><i>Step Out From the Old to the New</i>--Jawaharlal Nehru<br /><i>Invent a new India using knowledge.</i>--Satyanarayan Gangaram Pitroda,['ARCHIVE_ORG'],gov.in.is.10073.1982,https://archive.org/details/gov.in.is.10073.1982,http://creativecommons.org/publicdomain/zero/1.0/,bis_data\archive\text\gov.in.is.10073.1982.txt,,True,False,True,
IS|10074|None|None|1982|None,IS|10074|None|None,IS 10074:1982,IS,10074,,,1982,IS 10074: compaction mould assembly for light and heavy compaction test for soils,</b> Civil Engineering<br /><b>,</b> Soil and Foundation Engineering (CED 43)<br /><br /><b>,CED 43,published,,,0,</b> <br /><br /><br /><b>LEGALLY BINDING DOCUMENT</b><br /><br /><i>Step Out From the Old to the New</i>--Jawaharlal Nehru<br /><i>Invent a new India using knowledge.</i>--Satyanarayan Gangaram Pitroda,['ARCHIVE_ORG'],gov.in.is.10074.1982,https://archive.org/details/gov.in.is.10074.1982,http://creativecommons.org/publicdomain/zero/1.0/,bis_data\archive\text\gov.in.is.10074.1982.txt,,True,False,True,
IS|10075|None|None|1981|None,IS|10075|None|None,IS 10075:1981,IS,10075,,,1981,IS 10075: Start relay and overload protector for resistance start induction run hermetic compressors,</b> Electrotechnical<br /><b>,</b> Power Systems Relays (ETD 35)<br /><br /><b>,ETD 35,published,,,0,</b> <br /><br /><br /><b>LEGALLY BINDING DOCUMENT</b><br /><br /><i>Step Out From the Old to the New</i>--Jawaharlal Nehru<br /><i>Invent a new India using knowledge.</i>--Satyanarayan Gangaram Pitroda,['ARCHIVE_ORG'],gov.in.is.10075.1981,https://archive.org/details/gov.in.is.10075.1981,http://creativecommons.org/publicdomain/zero/1.0/,bis_data\archive\text\gov.in.is.10075.1981.txt,,True,False,True,
IS|10076|1|None|1981|None,IS|10076|1|None,IS 10076 (Part 1):1981,IS,10076,1.0,,1981,"IS 10076-1: linearity control units used with TV Picture Tubes, Part I: General Requirements and Tests",</b> Electronics and Information Technology<br /><b>,</b> Semiconductor and Other Electronic Components and Devices (LITD 5)<br /><br /><b>,LITD 5,published,,,0,"</b> <br /><br /><br /><b>LEGALLY BINDING DOCUMENT</b><br /><br /><i>Step Out From the Old to the New</i>--Jawaharlal Nehru<br /><i>Invent a new India using knowledge.</i>--Satyanarayan Gangaram Pitroda <br /><br /><p><b style=""color:#FF0000;"">ATTENTION!</b> This standard, Indian Standard IS 10076:Part1:1981, has been declared to be <b>WITHDRAWN</b> is thus no longer active.  Superceding standard: .</p>",['ARCHIVE_ORG'],gov.in.is.10076.1.1981,https://archive.org/details/gov.in.is.10076.1.1981,http://creativecommons.org/publicdomain/zero/1.0/,bis_data\archive\text\gov.in.is.10076.1.1981.txt,,True,False,True,
IS|10077|None|None|1982|None,IS|10077|None|None,IS 10077:1982,IS,10077,,,1982,IS 10077: equipment for determination of shrinkage factors,</b> Civil Engineering<br /><b>,</b> Soil and Foundation Engineering (CED 43)<br /><br /><b>,CED 43,published,,,0,</b> <br /><br /><br /><b>LEGALLY BINDING DOCUMENT</b><br /><br /><i>Step Out From the Old to the New</i>--Jawaharlal Nehru<br /><i>Invent a new India using knowledge.</i>--Satyanarayan Gangaram Pitroda,['ARCHIVE_ORG'],gov.in.is.10077.1982,https://archive.org/details/gov.in.is.10077.1982,http://creativecommons.org/publicdomain/zero/1.0/,bis_data\archive\text\gov.in.is.10077.1982.txt,,True,False,True,
IS|10078|None|None|1982|None,IS|10078|None|None,IS 10078:1982,IS,10078,,,1982,IS 10078: Specification for jolting apparatus for testing cement,</b> Civil Engineering<br /><b>,</b> Cement and Concrete (CED 2)<br /><br /><b>,CED 2,published,,,0,</b> <br /><br /><br /><b>LEGALLY BINDING DOCUMENT</b><br /><br /><i>Step Out From the Old to the New</i>--Jawaharlal Nehru<br /><i>Invent a new India using knowledge.</i>--Satyanarayan Gangaram Pitroda,['ARCHIVE_ORG'],gov.in.is.10078.1982,https://archive.org/details/gov.in.is.10078.1982,http://creativecommons.org/publicdomain/zero/1.0/,bis_data\archive\text\gov.in.is.10078.1982.txt,,True,False,True,
IS|10079|None|None|1982|None,IS|10079|None|None,IS 10079:1982,IS,10079,,,1982,IS 10079: Specification for cylindrical metal measures for use in tests of aggregates and concrete,</b> Civil Engineering<br /><b>,</b> Cement and Concrete (CED 2)<br /><br /><b>,CED 2,published,,,0,</b> <br /><br /><br /><b>LEGALLY BINDING DOCUMENT</b><br /><br /><i>Step Out From the Old to the New</i>--Jawaharlal Nehru<br /><i>Invent a new India using knowledge.</i>--Satyanarayan Gangaram Pitroda,['ARCHIVE_ORG'],gov.in.is.10079.1982,https://archive.org/details/gov.in.is.10079.1982,http://creativecommons.org/publicdomain/zero/1.0/,bis_data\archive\text\gov.in.is.10079.1982.txt,,True,False,True,
IS|10080|None|None|1982|None,IS|10080|None|None,IS 10080:1982,IS,10080,,,1982,IS 10080: Specification for vibration machine for standard cement mortar cubes,</b> Civil Engineering<br /><b>,</b> Cement and Concrete (CED 2)<br /><br /><b>,CED 2,published,,,0,</b> <br /><br /><br /><b>LEGALLY BINDING DOCUMENT</b><br /><br /><i>Step Out From the Old to the New</i>--Jawaharlal Nehru<br /><i>Invent a new India using knowledge.</i>--Satyanarayan Gangaram Pitroda,['ARCHIVE_ORG'],gov.in.is.10080.1982,https://archive.org/details/gov.in.is.10080.1982,http://creativecommons.org/publicdomain/zero/1.0/,bis_data\archive\text\gov.in.is.10080.1982.txt,,True,False,True,
IS|10081|None|None|1981|None,IS|10081|None|None,IS 10081:1981,IS,10081,,,1981,"IS 10081: Terms Relating to Commercial Explosives, Pyrotechnics and Blasting Practices",</b> Chemical<br /><b>,</b> Explosives and Pyrotechnics (CHD 26)<br /><br /><b>,CHD 26,published,,,0,</b> <br /><br /><br /><b>LEGALLY BINDING DOCUMENT</b><br /><br /><i>Step Out From the Old to the New</i>--Jawaharlal Nehru<br /><i>Invent a new India using knowledge.</i>--Satyanarayan Gangaram Pitroda,['ARCHIVE_ORG'],gov.in.is.10081.1981,https://archive.org/details/gov.in.is.10081.1981,http://creativecommons.org/publicdomain/zero/1.0/,bis_data\archive\text\gov.in.is.10081.1981.txt,,True,False,True,
IS|10082|None|None|1981|None,IS|10082|None|None,IS 10082:1981,IS,10082,,,1981,IS 10082: Method of test for the determination of tensile strength by indirect tests on rock specimens,</b> Civil Engineering<br /><b>,</b> Rock Mechanics (CED 48)<br /><br /><b>,CED 48,published,,,0,</b> <br /><br /><br /><b>LEGALLY BINDING DOCUMENT</b><br /><br /><i>Step Out From the Old to the New</i>--Jawaharlal Nehru<br /><i>Invent a new India using knowledge.</i>--Satyanarayan Gangaram Pitroda,['ARCHIVE_ORG'],gov.in.is.10082.1981,https://archive.org/details/gov.in.is.10082.1981,http://creativecommons.org/publicdomain/zero/1.0/,bis_data\archive\text\gov.in.is.10082.1981.txt,,True,False,True,
IS|10083|None|None|1982|None,IS|10083|None|None,IS 10083:1982,IS,10083,,,1982,IS 10083: Method of test for determination of SNF(solids not fat) in milk by the use of lactometers,</b> Food and Agriculture<br /><b>,</b> Dairy Products and Equipment (FAD 19)<br /><br /><b>,FAD 19,published,,,0,</b> <br /><br /><br /><b>LEGALLY BINDING DOCUMENT</b><br /><br /><i>Step Out From the Old to the New</i>--Jawaharlal Nehru<br /><i>Invent a new India using knowledge.</i>--Satyanarayan Gangaram Pitroda,['ARCHIVE_ORG'],gov.in.is.10083.1982,https://archive.org/details/gov.in.is.10083.1982,http://creativecommons.org/publicdomain/zero/1.0/,bis_data\archive\text\gov.in.is.10083.1982.txt,,True,False,True,
IS|10084|1|None|1982|None,IS|10084|1|None,IS 10084 (Part 1):1982,IS,10084,1.0,,1982,"IS 10084-1: Criteria for design of diversion works, Part 1: Coffer dams",</b> Water Resources<br /><b>,</b> River Training and Diversion Works (WRD 22)<br /><br /><b>,WRD 22,published,,,0,</b> <br /><br /><br /><b>LEGALLY BINDING DOCUMENT</b><br /><br /><i>Step Out From the Old to the New</i>--Jawaharlal Nehru<br /><i>Invent a new India using knowledge.</i>--Satyanarayan Gangaram Pitroda,['ARCHIVE_ORG'],gov.in.is.10084.1.1982,https://archive.org/details/gov.in.is.10084.1.1982,http://creativecommons.org/publicdomain/zero/1.0/,bis_data\archive\text\gov.in.is.10084.1.1982.txt,,True,False,True,
IS|10084|2|None|1994|None,IS|10084|2|None,IS 10084 (Part 2):1994,IS,10084,2.0,,1994,"IS 10084-2: Design of diversion works - Criteria, Part 2: Diversion channel and open cut or conduit in the body of dam.",</b> Water Resources<br /><b>,</b> River Training and Diversion Works (WRD 22)<br /><br /><b>,WRD 22,published,,,0,</b> <br /><br /><br /><b>LEGALLY BINDING DOCUMENT</b><br /><br /><i>Step Out From the Old to the New</i>--Jawaharlal Nehru<br /><i>Invent a new India using knowledge.</i>--Satyanarayan Gangaram Pitroda,['ARCHIVE_ORG'],gov.in.is.10084.2.1994,https://archive.org/details/gov.in.is.10084.2.1994,http://creativecommons.org/publicdomain/zero/1.0/,bis_data\archive\text\gov.in.is.10084.2.1994.txt,,True,False,False,IS 10084 (Part 2):2014
IS|10084|2|None|2014|None,IS|10084|2|None,IS 10084 (Part 2):2014,IS,10084,2.0,,2014,IS 10084 : Part 2 : 2014: Design of Diversion Works - Criteria : Part 2 Diversion Channel and Open Cut or Conduit in the Body of Dam.,,,,published,,,0,,['ARCHIVE_ORG'],gov.in.is.10084.2.2014,https://archive.org/details/gov.in.is.10084.2.2014,,bis_data\archive\text\gov.in.is.10084.2.2014.txt,,True,False,True,
IS|10085|None|None|2003|None,IS|10085|None|None,IS 10085:2003,IS,10085,,,2003,IS 10085: Chemical Analysis of Zircon Flour or Sand,</b> Metallurgical Engineering<br /><b>,</b> Ores and Raw Materials (MTD 13)<br /><br /><b>,MTD 13,published,,,0,</b> <br /><br /><br /><b>LEGALLY BINDING DOCUMENT</b><br /><br /><i>Step Out From the Old to the New</i>--Jawaharlal Nehru<br /><i>Invent a new India using knowledge.</i>--Satyanarayan Gangaram Pitroda,['ARCHIVE_ORG'],gov.in.is.10085.2003,https://archive.org/details/gov.in.is.10085.2003,http://creativecommons.org/publicdomain/zero/1.0/,bis_data\archive\text\gov.in.is.10085.2003.txt,,True,False,True,
IS|10086|None|None|1982|None,IS|10086|None|None,IS 10086:1982,IS,10086,,,1982,IS 10086: Specification for moulds for use in tests of cement and concrete,</b> Civil Engineering<br /><b>,</b> Cement and Concrete (CED 2)<br /><br /><b>,CED 2,published,,,0,</b> <br /><br /><br /><b>LEGALLY BINDING DOCUMENT</b><br /><br /><i>Step Out From the Old to the New</i>--Jawaharlal Nehru<br /><i>Invent a new India using knowledge.</i>--Satyanarayan Gangaram Pitroda,['ARCHIVE_ORG'],gov.in.is.10086.1982,https://archive.org/details/gov.in.is.10086.1982,http://creativecommons.org/publicdomain/zero/1.0/,bis_data\archive\text\gov.in.is.10086.1982.txt,,True,False,False,IS 10086:2021
IS|10086|None|None|2021|None,IS|10086|None|None,IS 10086:2021,IS,10086,,,2021,IS 10086 : 2021: Specificaton for moulds for use in tests of cement and concrete First Revision,,,,published,,,0,,['ARCHIVE_ORG'],gov.in.is.10086.2021,https://archive.org/details/gov.in.is.10086.2021,,bis_data\archive\text\gov.in.is.10086.2021.txt,,True,False,True,
IS|10087|None|None|1981|None,IS|10087|None|None,IS 10087:1981,IS,10087,,,1981,IS 10087: Code of practice for handling of electrostatic sensitive devices,</b> Electronics and Information Technology<br /><b>,</b> Semiconductor and Other Electronic Components and Devices (LITD 5)<br /><br /><b>,LITD 5,published,,,0,"</b> <br /><br /><br /><b>LEGALLY BINDING DOCUMENT</b><br /><br /><i>Step Out From the Old to the New</i>--Jawaharlal Nehru<br /><i>Invent a new India using knowledge.</i>--Satyanarayan Gangaram Pitroda <br /><br /><p><b style=""color:#FF0000;"">ATTENTION!</b> This standard, Indian Standard IS 10087:1981, has been declared to be <b>WITHDRAWN</b> is thus no longer active.  Superceding standard: Decided by divisional council 06 Sep 2019.</p>",['ARCHIVE_ORG'],gov.in.is.10087.1981,https://archive.org/details/gov.in.is.10087.1981,http://creativecommons.org/publicdomain/zero/1.0/,bis_data\archive\text\gov.in.is.10087.1981.txt,,True,False,True,
IS|10088|None|None|1981|None,IS|10088|None|None,IS 10088:1981,IS,10088,,,1981,"IS 10088: Retractor, Dental",</b> Medical Equipment and Hospital Planning<br /><b>,</b> Dentistry (MHD 8)<br /><br /><b>,MHD 8,published,,,0,</b> <br /><br /><br /><b>LEGALLY BINDING DOCUMENT</b><br /><br /><i>Step Out From the Old to the New</i>--Jawaharlal Nehru<br /><i>Invent a new India using knowledge.</i>--Satyanarayan Gangaram Pitroda,['ARCHIVE_ORG'],gov.in.is.10088.1981,https://archive.org/details/gov.in.is.10088.1981,http://creativecommons.org/publicdomain/zero/1.0/,bis_data\archive\text\gov.in.is.10088.1981.txt,,True,False,True,
IS|10089|None|None|1981|None,IS|10089|None|None,IS 10089:1981,IS,10089,,,1981,IS 10089: Metal lasts for knee boots,</b> Chemical<br /><b>,</b> Footwear (CHD 19)<br /><br /><b>,CHD 19,published,,,0,</b> <br /><br /><br /><b>LEGALLY BINDING DOCUMENT</b><br /><br /><i>Step Out From the Old to the New</i>--Jawaharlal Nehru<br /><i>Invent a new India using knowledge.</i>--Satyanarayan Gangaram Pitroda,['ARCHIVE_ORG'],gov.in.is.10089.1981,https://archive.org/details/gov.in.is.10089.1981,http://creativecommons.org/publicdomain/zero/1.0/,bis_data\archive\text\gov.in.is.10089.1981.txt,,True,False,True,
IS|10090|None|None|1982|None,IS|10090|None|None,IS 10090:1982,IS,10090,,,1982,IS 10090: Specification for numericals,</b> Civil Engineering<br /><b>,</b> Builder Hardware (CED 15)<br /><br /><b>,CED 15,published,,,0,</b> <br /><br /><br /><b>LEGALLY BINDING DOCUMENT</b><br /><br /><i>Step Out From the Old to the New</i>--Jawaharlal Nehru<br /><i>Invent a new India using knowledge.</i>--Satyanarayan Gangaram Pitroda,['ARCHIVE_ORG'],gov.in.is.10090.1982,https://archive.org/details/gov.in.is.10090.1982,http://creativecommons.org/publicdomain/zero/1.0/,bis_data\archive\text\gov.in.is.10090.1982.txt,,True,False,True,
IS|10091|None|None|1981|None,IS|10091|None|None,IS 10091:1981,IS,10091,,,1981,IS 10091: Iron oxide powder for use in foundries,</b> Metallurgical Engineering<br /><b>,</b> Foundry (MTD 14)<br /><br /><b>,MTD 14,published,,,0,</b> <br /><br /><br /><b>LEGALLY BINDING DOCUMENT</b><br /><br /><i>Step Out From the Old to the New</i>--Jawaharlal Nehru<br /><i>Invent a new India using knowledge.</i>--Satyanarayan Gangaram Pitroda,['ARCHIVE_ORG'],gov.in.is.10091.1981,https://archive.org/details/gov.in.is.10091.1981,http://creativecommons.org/publicdomain/zero/1.0/,bis_data\archive\text\gov.in.is.10091.1981.txt,,True,False,True,
IS|10092|None|None|1982|None,IS|10092|None|None,IS 10092:1982,IS,10092,,,1982,IS 10092: Glossary of terms (and materials of construction) for rotary equipment,</b> Mechanical Engineering<br /><b>,</b> Chemical Engineering Plants and Related Equipment (MED 17)<br /><br /><b>,MED 17,published,,,0,"</b> <br /><br /><br /><b>LEGALLY BINDING DOCUMENT</b><br /><br /><i>Step Out From the Old to the New</i>--Jawaharlal Nehru<br /><i>Invent a new India using knowledge.</i>--Satyanarayan Gangaram Pitroda <br /><br /><p><b style=""color:#FF0000;"">ATTENTION!</b> This standard, Indian Standard IS 10092:1982, has been declared to be <b>WITHDRAWN</b> is thus no longer active.  Superceding standard: Decided by council.</p>",['ARCHIVE_ORG'],gov.in.is.10092.1982,https://archive.org/details/gov.in.is.10092.1982,http://creativecommons.org/publicdomain/zero/1.0/,bis_data\archive\text\gov.in.is.10092.1982.txt,,True,False,True,
IS|10094|None|None|1998|None,IS|10094|None|None,IS 10094:1998,IS,10094,,,1998,IS 10094: Code of practice for pattern making by using expanded polystyrene material,</b> Metallurgical Engineering<br /><b>,</b> Foundry (MTD 14)<br /><br /><b>,MTD 14,published,,,0,</b> <br /><br /><br /><b>LEGALLY BINDING DOCUMENT</b><br /><br /><i>Step Out From the Old to the New</i>--Jawaharlal Nehru<br /><i>Invent a new India using knowledge.</i>--Satyanarayan Gangaram Pitroda,['ARCHIVE_ORG'],gov.in.is.10094.1998,https://archive.org/details/gov.in.is.10094.1998,http://creativecommons.org/publicdomain/zero/1.0/,bis_data\archive\text\gov.in.is.10094.1998.txt,,True,False,True,
IS|10095|None|None|1982|None,IS|10095|None|None,IS 10095:1982,IS,10095,,,1982,IS 10095: Guidelines for selection of tipplers for broad gauge open railway wagons,</b> Mechanical Engineering<br /><b>,</b> Material Handling Systems and Equipment (MED 7)<br /><br /><b>,MED 7,published,,,0,</b> <br /><br /><br /><b>LEGALLY BINDING DOCUMENT</b><br /><br /><i>Step Out From the Old to the New</i>--Jawaharlal Nehru<br /><i>Invent a new India using knowledge.</i>--Satyanarayan Gangaram Pitroda,['ARCHIVE_ORG'],gov.in.is.10095.1982,https://archive.org/details/gov.in.is.10095.1982,http://creativecommons.org/publicdomain/zero/1.0/,bis_data\archive\text\gov.in.is.10095.1982.txt,,True,False,True,
IS|10096|1|1|1983|None,IS|10096|1|1,IS 10096 (Part 1 / Section 1):1983,IS,10096,1.0,1.0,1983,"IS 10096-1-1: Recommendations for inspection, testing and maintenance of radial gates and rope drum hoists, Part 1: Inspection, testing and assembly at the manufacturing stage, Section 1: Gates",</b> Water Resources<br /><b>,</b> Hydraulic Gates and Valves (WRD 12)<br /><br /><b>,WRD 12,published,,,0,</b> <br /><br /><br /><b>LEGALLY BINDING DOCUMENT</b><br /><br /><i>Step Out From the Old to the New</i>--Jawaharlal Nehru<br /><i>Invent a new India using knowledge.</i>--Satyanarayan Gangaram Pitroda,['ARCHIVE_ORG'],gov.in.is.10096.1.1.1983,https://archive.org/details/gov.in.is.10096.1.1.1983,http://creativecommons.org/publicdomain/zero/1.0/,bis_data\archive\text\gov.in.is.10096.1.1.1983.txt,,True,False,True,
IS|10096|1|2|1986|None,IS|10096|1|2,IS 10096 (Part 1 / Section 2):1986,IS,10096,1.0,2.0,1986,"IS 10096-1-2: Recommendations for inspection, testing and maintenance of radial gates and rope drum hoists, Part 1: Inspection, testing and assembly at the manufacturing stage, Section 2: Rope Drum Hoists",</b> Water Resources<br /><b>,</b> Hydraulic Gates and Valves (WRD 12)<br /><br /><b>,WRD 12,published,,,0,</b> <br /><br /><br /><b>LEGALLY BINDING DOCUMENT</b><br /><br /><i>Step Out From the Old to the New</i>--Jawaharlal Nehru<br /><i>Invent a new India using knowledge.</i>--Satyanarayan Gangaram Pitroda,['ARCHIVE_ORG'],gov.in.is.10096.1.2.1986,https://archive.org/details/gov.in.is.10096.1.2.1986,http://creativecommons.org/publicdomain/zero/1.0/,bis_data\archive\text\gov.in.is.10096.1.2.1986.txt,,True,False,False,IS 10096 (Part 1 / Section 2):2014
IS|10096|1|2|2014|None,IS|10096|1|2,IS 10096 (Part 1 / Section 2):2014,IS,10096,1.0,2.0,2014,"IS 10096 : Part 1 : Sec 2 : 2014: Recommendations for Inspection, Testing and Maintenance of Radial Gates and Rope Drum Hoists Part 1 Inspection, Testing and Assembly at the Manufacturing Stage Section 2 Rope drum hoists",,,,published,,,0,,['ARCHIVE_ORG'],gov.in.is.10096.1.2.2014,https://archive.org/details/gov.in.is.10096.1.2.2014,,bis_data\archive\text\gov.in.is.10096.1.2.2014.txt,,True,False,True,
IS|10096|2|None|1983|None,IS|10096|2|None,IS 10096 (Part 2):1983,IS,10096,2.0,,1983,"IS 10096-2: Recommendations for inspection, testing and maintenance or radial gates and rope drum hoists, Part 2: Inspection, testing and assembly at the time of erection",</b> Water Resources<br /><b>,</b> Hydraulic Gates and Valves (WRD 12)<br /><br /><b>,WRD 12,published,,,0,</b> <br /><br /><br /><b>LEGALLY BINDING DOCUMENT</b><br /><br /><i>Step Out From the Old to the New</i>--Jawaharlal Nehru<br /><i>Invent a new India using knowledge.</i>--Satyanarayan Gangaram Pitroda,['ARCHIVE_ORG'],gov.in.is.10096.2.1983,https://archive.org/details/gov.in.is.10096.2.1983,http://creativecommons.org/publicdomain/zero/1.0/,bis_data\archive\text\gov.in.is.10096.2.1983.txt,,True,False,True,
IS|10096|3|None|2002|None,IS|10096|3|None,IS 10096 (Part 3):2002,IS,10096,3.0,,2002,"IS 10096-3: Recommendations for Inspection, Testing and Maintenance of Radial Gates and Rope Drum Hoists, Part 3: After Erection",</b> Water Resources<br /><b>,</b> Hydraulic Gates and Valves (WRD 12)<br /><br /><b>,WRD 12,published,,,0,</b> <br /><br /><br /><b>LEGALLY BINDING DOCUMENT</b><br /><br /><i>Step Out From the Old to the New</i>--Jawaharlal Nehru<br /><i>Invent a new India using knowledge.</i>--Satyanarayan Gangaram Pitroda,['ARCHIVE_ORG'],gov.in.is.10096.3.2002,https://archive.org/details/gov.in.is.10096.3.2002,http://creativecommons.org/publicdomain/zero/1.0/,bis_data\archive\text\gov.in.is.10096.3.2002.txt,,True,False,True,
IS|10097|None|None|1982|None,IS|10097|None|None,IS 10097:1982,IS,10097,,,1982,IS 10097: Code of practice for the packaging of metal cutting tools,</b> Transport Engineering<br /><b>,</b> Transport Packages (TED 24)<br /><br /><b>,TED 24,published,,,0,</b> <br /><br /><br /><b>LEGALLY BINDING DOCUMENT</b><br /><br /><i>Step Out From the Old to the New</i>--Jawaharlal Nehru<br /><i>Invent a new India using knowledge.</i>--Satyanarayan Gangaram Pitroda,['ARCHIVE_ORG'],gov.in.is.10097.1982,https://archive.org/details/gov.in.is.10097.1982,http://creativecommons.org/publicdomain/zero/1.0/,bis_data\archive\text\gov.in.is.10097.1982.txt,,True,False,True,
IS|10098|None|None|1982|None,IS|10098|None|None,IS 10098:1982,IS,10098,,,1982,IS 10098: General requirements for electric infra-red emitters for heating purposes,</b> Electrotechnical<br /><b>,</b> Industrial Electroheating Equipment (ETD 17)<br /><br /><b>,ETD 17,published,,,0,</b> <br /><br /><br /><b>LEGALLY BINDING DOCUMENT</b><br /><br /><i>Step Out From the Old to the New</i>--Jawaharlal Nehru<br /><i>Invent a new India using knowledge.</i>--Satyanarayan Gangaram Pitroda,['ARCHIVE_ORG'],gov.in.is.10098.1982,https://archive.org/details/gov.in.is.10098.1982,http://creativecommons.org/publicdomain/zero/1.0/,bis_data\archive\text\gov.in.is.10098.1982.txt,,True,False,True,
IS|10099|None|None|1982|None,IS|10099|None|None,IS 10099:1982,IS,10099,,,1982,"IS 10099: Methods for preparation, marking and measuring of fabric specimens and garments in tests for determination of dimensional change",</b> Textiles<br /><b>,</b> Chemical Methods of Test (TXD 5)<br /><br /><b>,TXD 5,published,,,0,</b> <br /><br /><br /><b>LEGALLY BINDING DOCUMENT</b><br /><br /><i>Step Out From the Old to the New</i>--Jawaharlal Nehru<br /><i>Invent a new India using knowledge.</i>--Satyanarayan Gangaram Pitroda,['ARCHIVE_ORG'],gov.in.is.10099.1982,https://archive.org/details/gov.in.is.10099.1982,http://creativecommons.org/publicdomain/zero/1.0/,bis_data\archive\text\gov.in.is.10099.1982.txt,,True,False,True,
